transaction_id,amount,hour,country,merchant_category,device,country_risk_score,is_fraud
T001860,22.63,21,CH,restaurant,mobile,0.157,0
T000353,22.29,22,CH,fuel,mobile,0.05,0
T001333,60.01,10,IT,retail,mobile,0.124,0
T000905,25.23,22,FR,retail,pos,0.102,0
T001289,6.74,17,DE,grocery,mobile,0.072,0
T001273,20.29,22,FR,restaurant,mobile,0.098,0
T000938,28.4,18,CH,grocery,desktop,0.038,0
T001731,19.89,11,IT,retail,mobile,0.132,0
T000065,55.35,10,CH,grocery,mobile,0.177,0
T001323,32.85,6,CH,fuel,mobile,0.164,0
T000056,14.83,13,CH,grocery,desktop,0.036,0
T001292,24.44,9,DE,retail,desktop,0.15,0
T001118,27.68,19,CH,fuel,desktop,0.011,0
T000584,27.36,20,CH,fuel,pos,0.062,0
T000374,89.29,10,CH,retail,mobile,0.121,0
T000275,32.37,14,CH,fuel,pos,0.095,0
T000746,27.44,9,CH,restaurant,desktop,0.191,0
T000128,26.04,7,IT,retail,mobile,0.104,0
T001646,21.93,6,CH,retail,mobile,0.114,0
T001852,11.99,20,CH,grocery,desktop,0.194,0
T000674,10.54,13,DE,fuel,pos,0.116,0
T001664,53.42,7,FR,retail,mobile,0.173,0
T001981,86.23,5,US,travel,unknown,0.786,1
T001083,85.29,16,CH,grocery,mobile,0.126,0
T001922,12.89,10,FR,grocery,mobile,0.109,0
T000099,21.31,11,DE,restaurant,desktop,0.126,0
T001179,12.65,8,FR,fuel,desktop,0.076,0
T000964,23.25,12,CH,grocery,pos,0.101,0
T000792,28.87,16,CH,retail,mobile,0.034,0
T000029,20.59,13,DE,restaurant,mobile,0.096,0
T000628,25.37,15,CH,restaurant,mobile,0.155,0
T000944,74.29,12,CH,grocery,desktop,0.03,0
T000572,29.85,17,CH,fuel,desktop,0.188,0
T000907,38.39,8,CH,fuel,desktop,0.193,0
T001080,19.9,22,CH,fuel,desktop,0.02,0
T000450,23.63,9,FR,retail,pos,0.125,0
T001609,21.09,20,CH,restaurant,mobile,0.058,0
T001290,30.97,13,CH,retail,pos,0.105,0
T001078,60.37,17,CH,retail,desktop,0.191,0
T000254,9.86,12,DE,retail,pos,0.146,0
T000124,34.89,18,CH,retail,mobile,0.145,0
T001927,20.66,17,IT,retail,desktop,0.043,0
T000251,42.55,7,IT,retail,pos,0.038,0
T000585,28.47,12,CH,restaurant,mobile,0.045,0
T001568,9.61,22,CH,restaurant,mobile,0.016,0
T000824,18.78,18,IT,fuel,desktop,0.124,0
T000507,14.61,11,FR,fuel,desktop,0.049,0
T000889,47.71,20,CH,restaurant,desktop,0.13,0
T000070,30.47,14,IT,fuel,mobile,0.198,0
T001608,29.78,11,CH,retail,pos,0.138,0
T001532,29.78,15,CH,fuel,mobile,0.19,0
T000247,16.58,17,CH,restaurant,mobile,0.06,0
T001450,29.53,9,CH,grocery,pos,0.146,0
T000212,43.48,17,CH,restaurant,pos,0.085,0
T000909,89.83,15,DE,grocery,pos,0.06,0
T001741,22.17,22,CH,grocery,desktop,0.054,0
T001244,16.62,16,CH,grocery,pos,0.2,0
T001696,13.46,9,CH,grocery,pos,0.05,0
T001182,42.56,17,CH,grocery,mobile,0.034,0
T000361,61.54,15,CH,fuel,pos,0.167,0
T001473,24.75,7,IT,restaurant,desktop,0.146,0
T000678,43.01,20,CH,grocery,desktop,0.132,0
T001621,10.35,14,CH,restaurant,desktop,0.112,0
T001089,21.81,15,DE,restaurant,mobile,0.019,0
T001987,1045.47,5,BR,gift_cards,emulator,0.766,1
T001847,14.59,19,CH,fuel,mobile,0.028,0
T000987,41.53,21,FR,retail,mobile,0.173,0
T001512,15.96,22,FR,grocery,desktop,0.035,0
T000111,24.15,6,FR,restaurant,desktop,0.027,0
T001487,8.53,15,CH,grocery,mobile,0.152,0
T001453,116.86,7,CH,grocery,mobile,0.09,0
T000383,17.9,8,CH,retail,mobile,0.176,0
T001395,27.41,18,CH,restaurant,desktop,0.012,0
T001054,17.63,17,CH,retail,desktop,0.106,0
T000755,119.04,9,CH,fuel,pos,0.169,0
T000324,13.42,18,CH,fuel,desktop,0.037,0
T001623,16.43,12,FR,grocery,desktop,0.071,0
T000787,32.31,10,CH,fuel,pos,0.17,0
T000368,26.01,22,CH,fuel,desktop,0.132,0
T001819,13.57,16,DE,grocery,mobile,0.175,0
T000069,16.66,10,CH,retail,desktop,0.078,0
T000857,32.55,8,CH,grocery,pos,0.099,0
T001483,19.3,20,CH,retail,mobile,0.059,0
T001555,30.58,18,DE,fuel,mobile,0.153,0
T001691,18.45,7,CH,retail,mobile,0.193,0
T001474,15.32,16,CH,restaurant,desktop,0.149,0
T001798,46.79,18,DE,fuel,mobile,0.182,0
T000478,155.61,20,CH,restaurant,mobile,0.021,0
T000281,36.5,9,IT,fuel,mobile,0.169,0
T001647,44.32,20,CH,grocery,desktop,0.161,0
T001556,42.44,9,CH,retail,desktop,0.025,0
T001729,73.91,12,CH,retail,desktop,0.021,0
T000210,34.55,11,FR,restaurant,pos,0.035,0
T000297,29.5,13,CH,fuel,pos,0.03,0
T001884,24.15,22,CH,restaurant,desktop,0.194,0
T001833,29.14,9,CH,restaurant,desktop,0.02,0
T000651,48.23,9,DE,restaurant,mobile,0.032,0
T001233,115.33,21,CH,fuel,mobile,0.062,0
T001502,15.02,6,IT,retail,desktop,0.198,0
T001931,33.05,6,FR,fuel,mobile,0.19,0
T000916,35.33,21,FR,grocery,pos,0.05,0
T000993,16.29,20,CH,retail,mobile,0.088,0
T000429,8.54,15,FR,fuel,desktop,0.065,0
T001370,22.11,17,IT,retail,desktop,0.014,0
T000239,40.91,16,IT,retail,pos,0.128,0
T000879,50.05,19,CH,fuel,mobile,0.177,0
T000620,15.27,17,CH,grocery,pos,0.123,0
T000256,52.47,12,CH,retail,desktop,0.195,0
T000611,23.73,21,CH,retail,pos,0.036,0
T000544,5.57,6,CH,restaurant,pos,0.17,0
T000771,17.51,15,IT,retail,desktop,0.16,0
T001419,33.27,12,CH,grocery,mobile,0.193,0
T001041,18.63,13,DE,restaurant,pos,0.089,0
T001789,54.83,17,DE,restaurant,desktop,0.178,0
T000759,37.34,15,CH,fuel,pos,0.036,0
T000382,6.86,10,CH,grocery,desktop,0.069,0
T001103,22.56,12,CH,grocery,pos,0.135,0
T000973,16.58,21,CH,grocery,pos,0.164,0
T000352,41.04,7,CH,restaurant,mobile,0.023,0
T001605,13.85,14,CH,restaurant,mobile,0.144,0
T001825,31.98,6,DE,restaurant,mobile,0.085,0
T001036,11.76,21,CH,retail,pos,0.175,0
T001107,13.04,9,CH,grocery,pos,0.166,0
T000494,61.18,21,CH,grocery,mobile,0.024,0
T000393,73.62,22,DE,fuel,pos,0.087,0
T001546,13.48,21,CH,grocery,mobile,0.162,0
T000464,22.93,8,CH,grocery,mobile,0.191,0
T000886,34.83,22,CH,restaurant,desktop,0.074,0
T001193,29.72,22,CH,retail,desktop,0.172,0
T000366,28.06,16,CH,retail,mobile,0.187,0
T001893,22.97,9,CH,fuel,desktop,0.04,0
T001873,39.17,14,FR,fuel,mobile,0.058,0
T000744,33.47,20,CH,fuel,pos,0.197,0
T000529,14.26,9,DE,grocery,desktop,0.149,0
T000802,25.99,19,FR,fuel,mobile,0.025,0
T001223,31.45,15,CH,fuel,mobile,0.117,0
T001978,1138.18,1,CN,gift_cards,emulator,0.846,1
T001905,32.09,21,DE,retail,pos,0.099,0
T001699,27.32,7,DE,grocery,pos,0.133,0
T001544,17.09,22,IT,restaurant,desktop,0.125,0
T001313,34.28,8,DE,restaurant,mobile,0.051,0
T000306,52.8,20,IT,restaurant,desktop,0.168,0
T001666,13.47,21,DE,grocery,mobile,0.095,0
T000862,62.08,7,CH,retail,desktop,0.18,0
T001566,25.54,18,CH,restaurant,desktop,0.064,0
T000530,35.99,9,FR,grocery,desktop,0.024,0
T000654,114.89,9,CH,fuel,desktop,0.088,0
T001259,23.73,22,FR,grocery,mobile,0.127,0
T000233,16.59,8,CH,fuel,mobile,0.05,0
T000120,39.43,19,DE,fuel,desktop,0.177,0
T001697,16.34,7,CH,retail,mobile,0.123,0
T000949,28.39,10,DE,grocery,desktop,0.167,0
T000617,37.92,20,CH,restaurant,mobile,0.092,0
T001178,13.56,19,CH,grocery,mobile,0.095,0
T000307,17.2,14,CH,restaurant,mobile,0.119,0
T000135,62.18,22,CH,retail,pos,0.198,0
T000554,30.04,16,DE,grocery,mobile,0.097,0
T001673,14.11,18,CH,retail,pos,0.097,0
T000583,95.81,7,CH,grocery,mobile,0.166,0
T001640,24.89,12,CH,restaurant,mobile,0.045,0
T000670,51.81,16,DE,grocery,mobile,0.074,0
T000834,24.03,12,FR,fuel,desktop,0.188,0
T000109,23.46,12,CH,fuel,mobile,0.013,0
T001164,45.31,12,CH,restaurant,pos,0.064,0
T001959,257.74,4,NG,travel,unknown,0.758,1
T001464,17.32,17,CH,grocery,desktop,0.071,0
T001728,30.58,19,DE,grocery,desktop,0.112,0
T001242,17.3,17,CH,fuel,mobile,0.066,0
T000211,48.49,17,CH,restaurant,mobile,0.11,0
T001767,22.08,17,CH,fuel,mobile,0.19,0
T001120,47.62,17,FR,restaurant,pos,0.011,0
T000679,52.61,6,DE,grocery,mobile,0.074,0
T001950,130.45,5,US,crypto,emulator,0.828,1
T001838,24.05,16,CH,grocery,desktop,0.17,0
T000411,12.49,6,CH,restaurant,mobile,0.046,0
T001324,25.5,7,CH,grocery,mobile,0.042,0
T000782,30.82,21,CH,grocery,mobile,0.074,0
T001345,10.06,15,CH,fuel,desktop,0.086,0
T000874,24.05,18,DE,restaurant,desktop,0.033,0
T001652,27.57,9,CH,fuel,mobile,0.017,0
T001278,27.53,14,IT,retail,desktop,0.189,0
T000785,46.92,13,CH,grocery,desktop,0.187,0
T001818,21.61,7,CH,fuel,pos,0.037,0
T001198,28.06,18,CH,fuel,mobile,0.167,0
T000807,18.41,16,CH,grocery,desktop,0.169,0
T000712,17.69,10,DE,grocery,desktop,0.151,0
T001990,219.69,2,RU,gift_cards,emulator,0.943,1
T001659,48.61,8,DE,fuel,desktop,0.139,0
T001190,26.13,15,FR,retail,desktop,0.056,0
T001225,22.69,6,DE,grocery,mobile,0.024,0
T000602,41.34,14,CH,retail,mobile,0.025,0
T000270,58.25,13,DE,restaurant,desktop,0.068,0
T001384,38.29,21,CH,restaurant,pos,0.097,0
T000231,27.93,19,CH,fuel,mobile,0.168,0
T000049,8.52,7,CH,restaurant,desktop,0.129,0
T000462,16.12,12,CH,restaurant,mobile,0.111,0
T001105,13.15,9,DE,retail,mobile,0.12,0
T000855,17.42,18,IT,grocery,mobile,0.067,0
T000693,35.5,11,FR,retail,desktop,0.166,0
T001551,21.71,20,IT,restaurant,mobile,0.103,0
T001872,20.39,22,DE,fuel,mobile,0.031,0
T000526,9.24,22,CH,fuel,pos,0.038,0
T000173,30.1,10,CH,grocery,mobile,0.032,0
T000720,29.51,10,FR,grocery,desktop,0.13,0
T000414,29.95,18,DE,retail,pos,0.16,0
T000237,27.44,22,CH,fuel,mobile,0.016,0
T001472,22.64,12,DE,restaurant,pos,0.168,0
T001335,20.04,22,CH,grocery,mobile,0.027,0
T001063,8.64,12,CH,restaurant,pos,0.071,0
T000023,10.43,9,FR,fuel,mobile,0.115,0
T001766,90.25,6,CH,fuel,pos,0.016,0
T000063,11.97,6,DE,retail,mobile,0.086,0
T000289,16.88,17,CH,restaurant,mobile,0.085,0
T000188,14.76,14,DE,restaurant,desktop,0.117,0
T000701,46.04,19,CH,fuel,desktop,0.115,0
T001814,20.88,16,CH,grocery,pos,0.114,0
T001137,11.75,12,DE,fuel,desktop,0.195,0
T000354,24.25,16,CH,retail,desktop,0.065,0
T000416,62.22,9,FR,retail,mobile,0.103,0
T001245,11.77,13,CH,restaurant,pos,0.137,0
T000930,17.58,17,FR,restaurant,mobile,0.184,0
T000196,14.44,14,CH,restaurant,pos,0.127,0
T000579,48.73,6,CH,grocery,mobile,0.018,0
T001134,21.19,15,CH,fuel,desktop,0.058,0
T001813,42.02,19,DE,fuel,pos,0.184,0
T001934,119.89,7,DE,grocery,mobile,0.08,0
T000433,37.73,14,CH,retail,mobile,0.063,0
T000100,10.49,7,FR,restaurant,desktop,0.099,0
T001654,30.06,16,IT,restaurant,mobile,0.162,0
T000394,49.78,8,FR,restaurant,mobile,0.074,0
T001938,47.06,12,DE,restaurant,pos,0.132,0
T000220,98.38,15,FR,restaurant,pos,0.02,0
T001675,20.22,15,IT,retail,desktop,0.138,0
T001497,50.65,22,CH,restaurant,mobile,0.03,0
T001784,25.78,6,CH,grocery,mobile,0.088,0
T000344,18.49,21,DE,retail,mobile,0.04,0
T001027,26.36,9,CH,fuel,desktop,0.196,0
T000888,34.97,7,FR,restaurant,mobile,0.109,0
T001350,12.16,18,CH,retail,mobile,0.192,0
T000552,49.44,17,CH,restaurant,mobile,0.156,0
T000743,24.92,18,DE,fuel,desktop,0.118,0
T001541,71.05,15,CH,grocery,mobile,0.196,0
T000538,44.87,7,IT,grocery,mobile,0.074,0
T000906,10.85,21,CH,retail,mobile,0.196,0
T001394,19.7,19,CH,retail,mobile,0.18,0
T000115,29.4,22,CH,restaurant,mobile,0.075,0
T000829,20.72,12,CH,restaurant,desktop,0.116,0
T001937,32.48,8,IT,restaurant,mobile,0.179,0
T000808,52.12,14,CH,restaurant,mobile,0.038,0
T001310,24.17,21,CH,fuel,mobile,0.098,0
T001004,37.3,16,DE,restaurant,desktop,0.109,0
T000305,26.32,11,FR,fuel,pos,0.042,0
T001100,44.65,19,DE,retail,pos,0.192,0
T000479,48.03,9,CH,fuel,mobile,0.088,0
T001423,14.83,20,CH,retail,mobile,0.179,0
T001075,18.24,20,CH,grocery,desktop,0.146,0
T000570,24.81,16,DE,fuel,desktop,0.023,0
T000618,32.74,11,CH,grocery,mobile,0.068,0
T001897,64.02,8,IT,grocery,desktop,0.094,0
T001265,10.5,12,DE,grocery,pos,0.177,0
T000078,25.92,19,CH,grocery,desktop,0.159,0
T001911,93.58,17,CH,grocery,mobile,0.021,0
T000032,24.33,22,DE,fuel,desktop,0.131,0
T001537,17.82,12,CH,retail,mobile,0.172,0
T001033,36.17,22,FR,retail,mobile,0.064,0
T001562,5.73,20,IT,fuel,desktop,0.06,0
T000351,59.45,17,CH,fuel,desktop,0.024,0
T000163,14.99,18,DE,restaurant,mobile,0.117,0
T000203,46.17,18,DE,restaurant,pos,0.12,0
T001053,28.69,13,FR,restaurant,mobile,0.062,0
T001364,50.3,18,CH,grocery,mobile,0.099,0
T001966,204.82,1,BR,travel,unknown,0.777,1
T000495,33.9,20,DE,grocery,pos,0.184,0
T001624,75.49,9,CH,restaurant,mobile,0.078,0
T001965,97.46,1,US,electronics,unknown,0.803,1
T001962,319.28,4,NG,electronics,unknown,0.894,1
T000610,36.33,8,CH,fuel,desktop,0.072,0
T000432,20.87,13,FR,grocery,pos,0.09,0
T001491,113.85,15,CH,grocery,mobile,0.191,0
T000218,18.33,18,FR,fuel,pos,0.028,0
T001930,11.73,17,CH,retail,pos,0.188,0
T001465,34.92,12,DE,restaurant,pos,0.18,0
T000630,8.89,6,CH,restaurant,mobile,0.105,0
T001381,18.31,11,CH,fuel,mobile,0.069,0
T001301,44.49,7,CH,grocery,mobile,0.111,0
T000059,44.05,8,CH,retail,desktop,0.046,0
T000298,39.95,9,CH,retail,mobile,0.026,0
T001710,47.67,17,CH,fuel,mobile,0.035,0
T000073,62.73,8,DE,grocery,mobile,0.157,0
T000162,49.16,16,CH,grocery,mobile,0.087,0
T001274,50.8,16,DE,fuel,desktop,0.014,0
T001593,42.2,9,CH,fuel,mobile,0.069,0
T001433,17.29,22,CH,fuel,pos,0.011,0
T001612,41.67,9,CH,fuel,mobile,0.133,0
T000591,18.42,19,CH,retail,mobile,0.088,0
T000316,36.94,20,CH,retail,mobile,0.114,0
T000045,15.93,15,CH,restaurant,mobile,0.052,0
T001719,18.89,18,FR,grocery,desktop,0.133,0
T001831,28.22,16,DE,grocery,pos,0.016,0
T000427,37.03,19,FR,fuel,desktop,0.172,0
T000581,19.12,14,CH,grocery,mobile,0.061,0
T000076,25.85,14,CH,grocery,mobile,0.044,0
T001916,15.29,18,CH,grocery,mobile,0.194,0
T001414,16.67,9,CH,grocery,mobile,0.19,0
T000780,27.29,19,CH,retail,desktop,0.044,0
T001919,18.48,17,IT,restaurant,desktop,0.13,0
T001173,23.63,21,CH,grocery,mobile,0.124,0
T001319,21.93,17,DE,grocery,mobile,0.178,0
T000937,37.53,6,CH,grocery,pos,0.174,0
T000030,17.1,18,CH,restaurant,desktop,0.057,0
T001091,23.99,10,CH,fuel,desktop,0.162,0
T001615,166.64,10,DE,retail,desktop,0.19,0
T001229,92.42,17,CH,fuel,desktop,0.083,0
T000974,18.77,17,IT,fuel,mobile,0.167,0
T001084,30.85,7,DE,fuel,mobile,0.158,0
T000514,17.36,14,CH,grocery,desktop,0.106,0
T001550,23.1,20,FR,restaurant,mobile,0.038,0
T001567,33.43,16,IT,fuel,mobile,0.153,0
T001810,18.36,12,CH,restaurant,desktop,0.108,0
T001573,10.87,21,FR,retail,desktop,0.188,0
T000044,10.1,8,CH,fuel,desktop,0.154,0
T001686,18.56,13,IT,grocery,mobile,0.151,0
T000168,21.17,22,CH,retail,pos,0.108,0
T000303,35.38,22,CH,fuel,desktop,0.066,0
T000990,27.8,19,DE,retail,mobile,0.099,0
T000555,19.16,15,CH,fuel,desktop,0.108,0
T001924,85.15,6,CH,fuel,mobile,0.174,0
T000607,11.63,8,DE,grocery,mobile,0.145,0
T001618,19.0,7,DE,restaurant,pos,0.022,0
T000757,27.41,15,CH,fuel,mobile,0.027,0
T000438,8.83,19,CH,restaurant,mobile,0.163,0
T000582,35.86,10,CH,restaurant,mobile,0.101,0
T001518,13.27,20,CH,fuel,mobile,0.168,0
T000527,25.25,8,DE,grocery,mobile,0.101,0
T000342,28.42,9,CH,restaurant,mobile,0.149,0
T001736,13.04,19,CH,restaurant,desktop,0.101,0
T000367,24.72,12,CH,retail,mobile,0.057,0
T000185,37.65,17,CH,retail,mobile,0.025,0
T001116,103.76,15,DE,restaurant,desktop,0.025,0
T001754,33.34,22,CH,restaurant,mobile,0.072,0
T001425,7.54,8,IT,retail,desktop,0.187,0
T000300,14.92,16,CH,grocery,pos,0.092,0
T001903,30.62,21,CH,fuel,mobile,0.151,0
T000832,13.43,22,IT,retail,pos,0.125,0
T000543,58.26,13,CH,retail,mobile,0.061,0
T001600,21.98,18,FR,grocery,pos,0.181,0
T000350,29.56,9,IT,fuel,mobile,0.124,0
T001932,18.56,16,IT,retail,mobile,0.032,0
T001510,12.37,19,CH,fuel,desktop,0.151,0
T000978,9.48,18,CH,retail,desktop,0.138,0
T000175,40.3,22,CH,retail,desktop,0.145,0
T000482,9.36,13,DE,grocery,pos,0.12,0
T001412,32.25,11,CH,grocery,mobile,0.117,0
T001610,20.59,20,IT,grocery,desktop,0.014,0
T000123,10.58,9,DE,fuel,desktop,0.076,0
T000599,30.77,10,CH,retail,pos,0.133,0
T001794,27.88,11,FR,retail,mobile,0.117,0
T001745,28.3,7,CH,retail,desktop,0.121,0
T001378,17.06,15,CH,fuel,desktop,0.11,0
T001185,43.14,14,CH,restaurant,mobile,0.045,0
T000485,10.45,15,IT,restaurant,mobile,0.133,0
T000331,14.32,17,DE,restaurant,desktop,0.051,0
T000788,23.52,11,CH,retail,desktop,0.099,0
T000194,27.22,21,DE,grocery,mobile,0.197,0
T000637,25.64,6,DE,fuel,mobile,0.196,0
T000471,6.16,14,DE,restaurant,desktop,0.187,0
T001713,40.79,18,CH,retail,mobile,0.137,0
T000322,15.02,15,CH,grocery,mobile,0.022,0
T001196,24.25,6,CH,retail,mobile,0.076,0
T000266,65.33,14,DE,restaurant,desktop,0.077,0
T001543,18.65,21,CH,grocery,pos,0.015,0
T001803,9.89,13,CH,fuel,mobile,0.023,0
T000067,44.8,13,DE,restaurant,desktop,0.163,0
T001737,12.93,12,CH,retail,mobile,0.089,0
T001592,31.88,11,CH,grocery,mobile,0.104,0
T001563,41.7,19,DE,fuel,desktop,0.147,0
T000480,22.72,12,FR,restaurant,desktop,0.12,0
T001756,22.59,13,IT,restaurant,pos,0.183,0
T001912,35.98,17,CH,restaurant,desktop,0.199,0
T001440,36.52,11,CH,fuel,mobile,0.021,0
T001460,22.58,18,CH,restaurant,desktop,0.097,0
T000887,19.78,14,IT,grocery,mobile,0.035,0
T000422,21.13,12,FR,retail,desktop,0.173,0
T001674,64.67,14,DE,grocery,pos,0.032,0
T001449,24.85,21,CH,grocery,mobile,0.187,0
T000764,48.89,14,CH,grocery,pos,0.111,0
T000519,38.51,22,CH,grocery,desktop,0.189,0
T001431,40.02,17,CH,fuel,mobile,0.187,0
T000613,12.49,15,CH,fuel,mobile,0.157,0
T001530,26.7,21,IT,grocery,mobile,0.12,0
T001782,9.95,13,CH,fuel,mobile,0.037,0
T001658,13.41,18,CH,grocery,pos,0.035,0
T000453,33.2,22,FR,retail,mobile,0.047,0
T000730,27.59,6,FR,fuel,mobile,0.08,0
T000534,16.59,13,CH,grocery,mobile,0.109,0
T000965,58.21,13,DE,grocery,pos,0.104,0
T001284,15.31,6,DE,fuel,mobile,0.17,0
T001739,68.47,20,FR,fuel,pos,0.185,0
T000261,23.67,9,CH,grocery,desktop,0.039,0
T000535,25.24,19,IT,grocery,desktop,0.158,0
T000968,23.95,7,IT,retail,mobile,0.059,0
T000240,15.25,9,DE,retail,pos,0.116,0
T000819,46.49,18,CH,retail,mobile,0.188,0
T000692,12.82,15,DE,grocery,mobile,0.119,0
T000420,84.47,17,CH,restaurant,pos,0.056,0
T001085,31.75,12,CH,restaurant,mobile,0.147,0
T001998,62.7,4,US,electronics,vpn,0.704,1
T000365,19.28,6,FR,retail,pos,0.069,0
T001022,24.18,14,FR,grocery,mobile,0.106,0
T001240,19.54,13,DE,fuel,mobile,0.171,0
T000588,40.37,18,CH,grocery,mobile,0.108,0
T000736,28.61,11,DE,grocery,mobile,0.131,0
T001761,38.29,11,DE,retail,mobile,0.197,0
T000941,41.41,9,FR,restaurant,mobile,0.133,0
T000071,61.73,6,CH,retail,mobile,0.06,0
T001407,60.39,10,CH,retail,mobile,0.013,0
T000259,39.05,21,DE,fuel,mobile,0.117,0
T000051,19.47,8,DE,grocery,pos,0.034,0
T000198,25.4,16,CH,grocery,pos,0.177,0
T001788,29.71,17,DE,restaurant,mobile,0.18,0
T000650,74.39,14,CH,retail,mobile,0.078,0
T000332,25.67,6,IT,fuel,desktop,0.058,0
T001359,27.39,13,IT,grocery,mobile,0.128,0
T000593,29.97,14,DE,grocery,mobile,0.182,0
T001391,16.34,11,CH,retail,pos,0.065,0
T001800,76.76,18,CH,fuel,mobile,0.119,0
T001314,24.69,17,FR,grocery,pos,0.023,0
T001111,27.95,7,FR,retail,desktop,0.058,0
T001006,41.98,16,DE,grocery,mobile,0.026,0
T001326,13.96,22,CH,grocery,mobile,0.158,0
T000426,13.75,10,DE,grocery,pos,0.195,0
T001558,60.08,7,CH,fuel,mobile,0.014,0
T001293,40.57,11,DE,retail,pos,0.152,0
T000590,25.61,20,FR,retail,pos,0.017,0
T001957,150.62,2,NG,electronics,vpn,0.791,1
T001976,103.35,0,US,travel,emulator,0.865,1
T001132,64.6,22,DE,fuel,mobile,0.09,0
T000985,12.24,16,DE,retail,mobile,0.1,0
T000398,22.9,12,CH,grocery,desktop,0.023,0
T001511,21.84,6,DE,grocery,mobile,0.035,0
T000436,65.18,12,CH,retail,desktop,0.084,0
T000192,27.9,9,CH,fuel,pos,0.016,0
T001435,29.07,16,CH,fuel,pos,0.119,0
T000614,106.43,11,CH,fuel,mobile,0.195,0
T001493,27.41,16,CH,retail,mobile,0.013,0
T000576,28.26,10,DE,fuel,desktop,0.149,0
T000986,60.46,16,CH,grocery,mobile,0.091,0
T001432,41.11,13,CH,fuel,pos,0.105,0
T000706,11.38,14,CH,retail,desktop,0.152,0
T001258,16.07,14,DE,retail,desktop,0.059,0
T000141,53.75,10,CH,grocery,mobile,0.182,0
T001357,31.03,7,CH,retail,mobile,0.071,0
T000002,36.18,10,IT,fuel,mobile,0.168,0
T001221,29.54,20,FR,retail,pos,0.044,0
T001869,19.17,15,CH,retail,mobile,0.09,0
T001622,42.59,15,CH,fuel,desktop,0.158,0
T000339,17.49,11,CH,retail,mobile,0.196,0
T001769,34.15,12,CH,retail,desktop,0.041,0
T001536,33.39,18,CH,restaurant,mobile,0.061,0
T000483,27.72,22,CH,restaurant,mobile,0.108,0
T000265,11.6,20,FR,fuel,pos,0.093,0
T000376,41.4,16,IT,grocery,mobile,0.136,0
T000741,11.38,12,CH,restaurant,desktop,0.158,0
T001013,16.22,22,CH,grocery,mobile,0.124,0
T000439,23.73,9,IT,grocery,mobile,0.091,0
T000271,10.37,18,DE,grocery,desktop,0.198,0
T000184,21.45,8,CH,fuel,mobile,0.174,0
T000939,17.49,19,CH,retail,mobile,0.169,0
T000244,11.94,20,CH,grocery,desktop,0.077,0
T000931,75.85,22,DE,grocery,mobile,0.192,0
T000445,36.66,20,CH,fuel,pos,0.066,0
T000596,20.87,22,FR,fuel,desktop,0.02,0
T000817,41.84,6,CH,restaurant,mobile,0.187,0
T001272,12.74,9,CH,grocery,mobile,0.091,0
T001676,50.92,20,CH,retail,desktop,0.092,0
T000486,16.64,15,DE,retail,mobile,0.091,0
T000680,37.83,19,FR,restaurant,desktop,0.017,0
T000415,15.66,14,FR,retail,mobile,0.053,0
T000273,24.68,13,DE,grocery,desktop,0.136,0
T001471,17.02,10,CH,fuel,pos,0.149,0
T001829,24.81,20,CH,fuel,desktop,0.047,0
T001454,34.44,8,DE,retail,desktop,0.102,0
T000250,11.51,14,CH,fuel,pos,0.041,0
T000413,52.81,7,DE,fuel,desktop,0.109,0
T001385,29.36,13,CH,retail,desktop,0.046,0
T001307,24.4,8,IT,grocery,pos,0.068,0
T000715,47.56,16,DE,retail,pos,0.088,0
T000310,21.53,10,DE,grocery,mobile,0.024,0
T000926,17.54,20,FR,fuel,desktop,0.129,0
T000381,17.12,21,CH,restaurant,mobile,0.103,0
T001565,20.72,17,CH,retail,mobile,0.148,0
T000425,55.77,13,CH,retail,pos,0.095,0
T001874,53.85,15,DE,grocery,mobile,0.062,0
T000532,23.58,16,CH,fuel,pos,0.161,0
T000752,13.66,18,DE,fuel,desktop,0.139,0
T000765,16.09,11,DE,fuel,mobile,0.077,0
T001356,17.68,21,FR,fuel,pos,0.069,0
T000408,26.37,14,DE,grocery,mobile,0.184,0
T001614,22.01,16,DE,restaurant,pos,0.11,0
T000694,35.02,9,CH,fuel,desktop,0.117,0
T001738,43.39,19,DE,retail,desktop,0.03,0
T000548,30.65,13,CH,grocery,mobile,0.148,0
T000936,13.29,8,IT,fuel,mobile,0.013,0
T001389,15.61,18,FR,fuel,pos,0.134,0
T001607,65.03,11,DE,retail,mobile,0.047,0
T001939,26.02,16,DE,restaurant,mobile,0.132,0
T001481,19.62,11,CH,restaurant,desktop,0.089,0
T000182,12.9,21,CH,grocery,desktop,0.094,0
T001940,184.46,3,RU,travel,unknown,0.812,1
T001160,5.48,11,CH,grocery,mobile,0.012,0
T000170,14.39,20,CH,fuel,mobile,0.044,0
T000292,17.23,15,CH,retail,mobile,0.141,0
T000561,85.22,12,CH,grocery,pos,0.187,0
T001456,38.55,20,CH,restaurant,desktop,0.11,0
T001876,17.51,12,IT,restaurant,pos,0.019,0
T001651,29.83,15,CH,fuel,desktop,0.157,0
T000849,17.84,17,FR,retail,mobile,0.069,0
T000272,49.3,9,CH,restaurant,mobile,0.024,0
T001549,51.22,16,CH,restaurant,desktop,0.159,0
T001034,18.36,19,CH,restaurant,mobile,0.055,0
T001743,49.26,20,DE,grocery,desktop,0.016,0
T000371,33.08,10,FR,fuel,pos,0.159,0
T001669,34.06,15,DE,fuel,pos,0.155,0
T000721,8.79,20,CH,grocery,pos,0.12,0
T000733,8.83,11,DE,restaurant,desktop,0.113,0
T000777,21.15,20,FR,restaurant,desktop,0.079,0
T000518,26.04,8,DE,restaurant,desktop,0.194,0
T000334,44.04,21,CH,grocery,desktop,0.194,0
T000845,32.97,14,IT,fuel,desktop,0.127,0
T001251,40.45,6,IT,restaurant,mobile,0.037,0
T001052,33.0,16,DE,grocery,mobile,0.079,0
T001923,28.32,15,CH,restaurant,mobile,0.099,0
T000015,17.51,16,CH,retail,mobile,0.176,0
T000707,70.31,11,CH,retail,pos,0.161,0
T000900,30.61,10,DE,grocery,desktop,0.022,0
T001979,612.18,1,BR,crypto,vpn,0.691,1
T001572,29.26,10,CH,grocery,mobile,0.045,0
T000903,52.83,14,CH,fuel,desktop,0.069,0
T000465,21.49,20,DE,restaurant,mobile,0.101,0
T001977,66.11,4,RU,travel,vpn,0.786,1
T000199,12.36,6,CH,restaurant,desktop,0.164,0
T001206,16.1,18,DE,grocery,pos,0.19,0
T001055,16.4,13,CH,restaurant,mobile,0.074,0
T001131,31.6,13,CH,fuel,mobile,0.16,0
T001379,73.38,20,CH,grocery,mobile,0.113,0
T000998,17.41,10,CH,grocery,mobile,0.038,0
T000727,30.22,16,FR,restaurant,pos,0.038,0
T001771,67.83,16,CH,restaurant,mobile,0.168,0
T001909,26.73,16,CH,retail,mobile,0.122,0
T001821,25.69,19,DE,grocery,mobile,0.199,0
T000567,13.4,6,CH,fuel,mobile,0.197,0
T000043,20.48,16,CH,fuel,pos,0.029,0
T000274,13.61,8,IT,restaurant,desktop,0.095,0
T001096,25.72,13,CH,fuel,mobile,0.137,0
T000101,19.06,7,CH,retail,desktop,0.129,0
T001231,10.78,16,CH,restaurant,mobile,0.132,0
T001721,20.99,11,CH,restaurant,mobile,0.039,0
T001832,43.46,12,CH,retail,desktop,0.18,0
T000107,27.24,13,DE,restaurant,mobile,0.137,0
T001617,15.63,17,CH,retail,desktop,0.135,0
T000497,21.88,11,CH,retail,mobile,0.193,0
T001980,50.4,1,US,travel,emulator,0.93,1
T000881,17.84,9,IT,restaurant,mobile,0.181,0
T000756,32.98,19,DE,restaurant,mobile,0.025,0
T000619,28.06,14,DE,grocery,mobile,0.059,0
T001106,35.43,18,CH,fuel,desktop,0.077,0
T001935,9.96,12,CH,fuel,mobile,0.133,0
T000809,14.34,20,CH,restaurant,mobile,0.145,0
T001037,10.19,6,CH,restaurant,desktop,0.13,0
T000072,24.01,9,CH,grocery,pos,0.058,0
T001283,43.55,13,CH,restaurant,mobile,0.128,0
T001271,35.36,10,IT,restaurant,mobile,0.042,0
T001334,26.82,11,CH,grocery,mobile,0.199,0
T001458,53.19,14,DE,restaurant,pos,0.141,0
T000481,13.83,21,IT,restaurant,mobile,0.085,0
T001068,18.53,14,FR,restaurant,mobile,0.055,0
T000506,17.19,12,DE,grocery,desktop,0.156,0
T001237,17.6,6,CH,fuel,mobile,0.066,0
T001861,39.9,19,IT,restaurant,mobile,0.042,0
T001989,71.02,1,US,travel,unknown,0.82,1
T001476,22.82,10,CH,retail,pos,0.145,0
T001866,45.58,15,CH,fuel,mobile,0.035,0
T001455,8.53,13,CH,grocery,desktop,0.059,0
T000311,47.43,14,DE,retail,desktop,0.098,0
T000962,27.6,19,CH,grocery,pos,0.101,0
T000405,35.65,18,IT,restaurant,desktop,0.148,0
T001330,61.46,19,FR,retail,desktop,0.174,0
T001649,116.02,12,CH,retail,mobile,0.118,0
T000309,21.73,22,DE,retail,desktop,0.05,0
T000226,25.5,10,CH,retail,desktop,0.068,0
T001857,21.11,8,DE,restaurant,mobile,0.098,0
T000710,27.84,22,CH,grocery,pos,0.052,0
T001943,144.43,4,US,electronics,unknown,0.769,1
T001383,17.06,18,CH,restaurant,mobile,0.075,0
T001785,10.23,8,CH,grocery,desktop,0.04,0
T000148,33.55,17,FR,restaurant,pos,0.147,0
T001554,21.42,17,DE,fuel,mobile,0.018,0
T001956,151.62,5,BR,travel,emulator,0.713,1
T000925,9.84,16,CH,grocery,mobile,0.015,0
T000942,36.24,12,CH,restaurant,mobile,0.093,0
T000836,62.2,12,CH,fuel,pos,0.012,0
T000575,6.51,6,FR,retail,desktop,0.135,0
T000557,18.92,17,CH,restaurant,mobile,0.135,0
T001235,65.59,20,DE,fuel,mobile,0.152,0
T001360,24.31,16,CH,grocery,mobile,0.104,0
T001347,42.97,13,IT,retail,mobile,0.161,0
T001161,96.99,18,CH,retail,mobile,0.103,0
T001442,27.35,10,IT,restaurant,desktop,0.12,0
T000286,22.4,20,CH,retail,mobile,0.07,0
T001604,18.36,9,IT,restaurant,mobile,0.082,0
T001057,49.58,13,DE,restaurant,desktop,0.107,0
T000598,18.79,11,IT,retail,mobile,0.135,0
T000932,10.29,11,DE,restaurant,pos,0.012,0
T001461,11.77,7,CH,retail,mobile,0.197,0
T001637,31.63,6,IT,fuel,mobile,0.134,0
T001587,19.68,20,CH,retail,desktop,0.061,0
T001040,67.38,17,CH,grocery,desktop,0.125,0
T001230,17.56,8,CH,retail,desktop,0.04,0
T000806,28.03,13,FR,grocery,desktop,0.182,0
T000904,27.51,11,CH,restaurant,mobile,0.076,0
T001679,18.94,18,CH,grocery,desktop,0.049,0
T001204,25.26,13,CH,grocery,desktop,0.164,0
T000767,70.99,8,DE,grocery,mobile,0.094,0
T000609,60.2,7,CH,restaurant,mobile,0.187,0
T001992,224.86,0,CN,crypto,emulator,0.886,1
T001564,38.17,13,FR,grocery,mobile,0.071,0
T001422,19.71,16,CH,fuel,mobile,0.137,0
T001010,54.08,10,CH,restaurant,mobile,0.137,0
T000493,14.63,9,DE,grocery,desktop,0.147,0
T001320,25.38,9,DE,fuel,mobile,0.132,0
T000277,17.11,7,CH,retail,desktop,0.059,0
T001846,52.43,12,CH,restaurant,pos,0.026,0
T000358,29.77,7,CH,grocery,pos,0.085,0
T001110,21.88,11,CH,retail,mobile,0.039,0
T000236,7.28,11,CH,fuel,desktop,0.197,0
T000551,22.34,8,CH,retail,mobile,0.085,0
T001867,48.23,20,DE,grocery,desktop,0.123,0
T001812,64.54,20,CH,retail,desktop,0.122,0
T000208,33.42,9,DE,restaurant,mobile,0.155,0
T001386,53.57,20,CH,fuel,pos,0.053,0
T001560,24.22,13,CH,fuel,desktop,0.043,0
T000058,29.93,12,CH,retail,mobile,0.095,0
T000631,61.42,21,DE,restaurant,mobile,0.062,0
T001961,772.79,5,NG,travel,emulator,0.747,1
T001859,28.68,8,IT,restaurant,desktop,0.103,0
T001816,6.75,16,CH,restaurant,desktop,0.052,0
T000363,31.22,9,CH,fuel,mobile,0.144,0
T000505,18.32,20,DE,fuel,pos,0.071,0
T001165,106.04,13,CH,fuel,desktop,0.155,0
T001121,50.01,21,FR,grocery,mobile,0.133,0
T001629,40.92,7,DE,retail,desktop,0.04,0
T001216,16.38,18,IT,fuel,desktop,0.133,0
T001151,6.74,21,CH,grocery,pos,0.064,0
T001124,65.37,15,CH,retail,desktop,0.183,0
T001594,5.94,7,CH,grocery,desktop,0.102,0
T000118,48.7,9,IT,grocery,mobile,0.155,0
T001249,9.65,16,CH,retail,mobile,0.084,0
T001993,294.74,4,RU,gift_cards,vpn,0.778,1
T000522,16.48,21,FR,fuel,mobile,0.037,0
T000513,14.23,14,DE,restaurant,mobile,0.048,0
T000081,30.39,11,CH,grocery,mobile,0.07,0
T000915,29.0,16,DE,retail,desktop,0.088,0
T001018,20.24,16,CH,fuel,desktop,0.147,0
T000380,14.82,13,FR,fuel,mobile,0.17,0
T001029,13.28,20,CH,grocery,mobile,0.105,0
T001688,29.08,17,CH,retail,desktop,0.057,0
T000084,15.1,13,IT,fuel,mobile,0.154,0
T001677,61.12,10,DE,retail,desktop,0.165,0
T000329,35.77,18,CH,restaurant,pos,0.132,0
T000006,63.28,17,CH,grocery,desktop,0.101,0
T000745,15.87,8,FR,restaurant,desktop,0.181,0
T001553,14.94,15,CH,fuel,mobile,0.126,0
T000914,23.17,18,DE,grocery,mobile,0.103,0
T000873,15.82,18,CH,restaurant,pos,0.148,0
T000451,43.51,8,DE,restaurant,mobile,0.163,0
T000490,24.42,16,CH,grocery,desktop,0.122,0
T001480,37.84,9,DE,restaurant,mobile,0.023,0
T000287,34.92,14,FR,restaurant,mobile,0.123,0
T000948,23.87,11,CH,retail,desktop,0.129,0
T001985,105.09,4,RU,crypto,emulator,0.836,1
T001368,18.8,20,FR,fuel,pos,0.082,0
T001146,12.71,17,IT,restaurant,mobile,0.017,0
T000705,35.29,22,CH,restaurant,desktop,0.162,0
T001726,17.79,9,IT,restaurant,mobile,0.058,0
T001701,32.9,17,CH,fuel,desktop,0.149,0
T001628,25.55,15,DE,retail,mobile,0.131,0
T001599,15.85,7,FR,retail,desktop,0.054,0
T001538,12.16,22,DE,retail,mobile,0.041,0
T001405,15.58,8,CH,fuel,mobile,0.132,0
T001650,34.74,7,CH,restaurant,pos,0.086,0
T000327,39.45,13,IT,retail,mobile,0.052,0
T000442,7.1,10,CH,fuel,desktop,0.192,0
T000774,35.63,21,CH,grocery,mobile,0.156,0
T001087,28.31,7,CH,fuel,mobile,0.018,0
T001220,12.03,13,IT,grocery,desktop,0.018,0
T001635,19.26,12,IT,restaurant,pos,0.03,0
T000177,58.68,21,CH,restaurant,desktop,0.023,0
T001322,23.52,21,CH,fuel,pos,0.058,0
T000704,9.64,15,CH,restaurant,mobile,0.198,0
T000086,42.49,19,IT,restaurant,mobile,0.025,0
T001883,17.19,9,CH,restaurant,desktop,0.078,0
T001947,131.84,3,CN,gift_cards,unknown,0.742,1
T000457,13.18,11,CH,retail,desktop,0.041,0
T001828,23.12,13,CH,fuel,desktop,0.109,0
T000054,45.54,13,CH,retail,mobile,0.17,0
T001501,17.62,8,CH,grocery,pos,0.069,0
T000643,9.96,18,CH,grocery,pos,0.057,0
T000677,70.2,20,CH,retail,mobile,0.148,0
T000221,8.0,17,CH,grocery,desktop,0.123,0
T000113,107.55,14,DE,fuel,mobile,0.16,0
T000982,13.73,18,CH,retail,mobile,0.098,0
T001228,43.74,6,IT,grocery,desktop,0.115,0
T000999,34.59,15,CH,grocery,desktop,0.028,0
T000174,28.96,15,CH,fuel,mobile,0.114,0
T000781,11.01,20,CH,fuel,pos,0.068,0
T000589,14.68,12,CH,fuel,pos,0.059,0
T001559,20.85,20,FR,fuel,mobile,0.168,0
T000018,14.23,16,CH,grocery,mobile,0.041,0
T000423,43.95,20,CH,grocery,mobile,0.099,0
T001343,50.12,8,DE,retail,mobile,0.119,0
T000285,7.6,16,IT,fuel,mobile,0.042,0
T001583,25.46,10,CH,restaurant,mobile,0.104,0
T000428,46.3,9,CH,restaurant,pos,0.144,0
T001509,59.53,17,CH,retail,mobile,0.016,0
T001318,17.02,7,CH,retail,mobile,0.147,0
T000669,47.22,22,CH,grocery,mobile,0.102,0
T000031,74.54,22,CH,grocery,pos,0.16,0
T000940,11.38,18,CH,restaurant,mobile,0.013,0
T000722,10.93,7,CH,fuel,mobile,0.08,0
T000994,13.45,16,CH,restaurant,desktop,0.112,0
T000214,20.3,6,CH,restaurant,desktop,0.17,0
T000813,27.6,15,FR,grocery,mobile,0.151,0
T000326,49.15,11,IT,fuel,mobile,0.166,0
T000560,29.19,13,CH,fuel,desktop,0.132,0
T001112,41.35,16,CH,fuel,pos,0.15,0
T000700,17.93,6,CH,retail,desktop,0.044,0
T001578,15.79,21,CH,retail,mobile,0.133,0
T001189,13.72,18,CH,grocery,mobile,0.02,0
T000341,28.39,21,FR,restaurant,desktop,0.078,0
T000629,47.3,14,CH,restaurant,mobile,0.014,0
T000147,11.11,7,CH,retail,desktop,0.08,0
T001309,32.62,8,CH,retail,mobile,0.152,0
T000360,33.5,18,CH,restaurant,pos,0.096,0
T000083,17.98,8,CH,fuel,desktop,0.139,0
T000048,30.15,17,CH,restaurant,pos,0.039,0
T000468,17.84,11,CH,grocery,mobile,0.081,0
T000155,15.98,21,CH,retail,mobile,0.1,0
T000772,35.85,22,FR,grocery,mobile,0.196,0
T001239,65.17,19,CH,fuel,desktop,0.152,0
T001200,26.45,13,CH,fuel,mobile,0.069,0
T001402,49.97,20,CH,retail,desktop,0.102,0
T001202,26.4,19,CH,fuel,mobile,0.057,0
T001630,32.81,7,CH,grocery,pos,0.147,0
T000500,42.76,9,CH,restaurant,mobile,0.059,0
T001764,21.17,10,CH,retail,mobile,0.114,0
T000179,125.47,14,CH,restaurant,desktop,0.164,0
T001047,9.53,10,CH,restaurant,pos,0.194,0
T001755,55.94,19,DE,fuel,desktop,0.194,0
T000950,21.23,17,CH,restaurant,desktop,0.139,0
T001316,12.95,17,CH,grocery,desktop,0.022,0
T001619,48.87,18,FR,restaurant,mobile,0.042,0
T000528,28.67,20,IT,grocery,desktop,0.013,0
T000346,10.29,16,CH,fuel,pos,0.053,0
T001387,62.61,22,CH,fuel,pos,0.062,0
T001960,121.23,3,US,electronics,unknown,0.908,1
T001050,16.86,7,CH,retail,desktop,0.09,0
T001972,212.15,4,CN,gift_cards,emulator,0.746,1
T001441,49.6,19,FR,grocery,desktop,0.103,0
T000601,14.11,10,CH,retail,pos,0.01,0
T001281,22.39,8,DE,retail,desktop,0.02,0
T000243,41.24,21,CH,fuel,pos,0.186,0
T001336,16.98,16,CH,retail,mobile,0.034,0
T001067,49.23,21,DE,fuel,pos,0.137,0
T001475,36.2,18,CH,grocery,desktop,0.107,0
T000312,40.26,16,CH,grocery,pos,0.127,0
T000435,25.65,21,CH,grocery,desktop,0.184,0
T001898,34.35,20,CH,fuel,mobile,0.099,0
T001328,11.87,11,CH,fuel,mobile,0.071,0
T000308,34.06,19,CH,fuel,desktop,0.121,0
T000430,12.06,20,CH,restaurant,mobile,0.041,0
T000660,17.39,21,FR,retail,pos,0.128,0
T000370,24.9,14,FR,restaurant,pos,0.106,0
T000566,7.22,13,CH,grocery,mobile,0.119,0
T000979,38.72,8,FR,retail,pos,0.087,0
T000181,14.67,20,CH,restaurant,pos,0.127,0
T001362,26.36,17,IT,fuel,mobile,0.083,0
T000621,32.55,8,DE,fuel,mobile,0.013,0
T000818,25.77,7,DE,fuel,mobile,0.07,0
T001192,17.1,18,CH,fuel,mobile,0.019,0
T000952,11.58,13,IT,retail,desktop,0.068,0
T001421,46.69,20,CH,retail,mobile,0.068,0
T001840,22.71,19,CH,restaurant,pos,0.028,0
T000922,26.57,17,FR,retail,desktop,0.098,0
T001073,11.36,20,CH,grocery,mobile,0.068,0
T000296,42.09,13,CH,grocery,desktop,0.153,0
T000966,16.35,18,CH,grocery,desktop,0.103,0
T000461,25.06,12,DE,restaurant,mobile,0.07,0
T001302,22.09,8,CH,retail,pos,0.037,0
T001176,8.88,13,CH,restaurant,mobile,0.083,0
T000377,27.39,15,DE,retail,desktop,0.145,0
T000798,24.95,7,FR,grocery,pos,0.052,0
T001102,85.89,15,CH,grocery,mobile,0.021,0
T000105,31.26,12,CH,grocery,mobile,0.119,0
T000126,13.54,17,DE,restaurant,mobile,0.182,0
T001995,287.42,4,CN,travel,vpn,0.926,1
T000838,44.28,22,CH,grocery,desktop,0.143,0
T000355,13.44,16,CH,restaurant,mobile,0.159,0
T001616,29.35,9,CH,grocery,pos,0.123,0
T000682,17.91,16,IT,retail,mobile,0.156,0
T000812,58.45,8,CH,grocery,pos,0.141,0
T001680,31.26,16,DE,restaurant,pos,0.133,0
T000209,247.56,8,CH,grocery,pos,0.113,0
T001492,17.49,16,CH,grocery,mobile,0.124,0
T000140,28.12,11,IT,retail,mobile,0.044,0
T001974,937.28,5,US,crypto,unknown,0.924,1
T001339,27.17,20,CH,grocery,desktop,0.095,0
T001797,15.22,18,DE,retail,desktop,0.141,0
T001574,32.46,9,IT,restaurant,mobile,0.196,0
T001181,56.55,8,CH,retail,pos,0.164,0
T001393,26.63,21,CH,fuel,mobile,0.082,0
T001815,14.37,15,DE,restaurant,desktop,0.106,0
T000711,23.15,6,CH,fuel,mobile,0.174,0
T001793,36.7,9,CH,restaurant,mobile,0.154,0
T000892,46.53,13,CH,grocery,pos,0.183,0
T000859,35.86,19,CH,grocery,mobile,0.08,0
T000010,18.58,17,CH,grocery,pos,0.039,0
T001694,26.47,7,IT,fuel,mobile,0.116,0
T001427,12.66,8,CH,restaurant,mobile,0.162,0
T000282,63.54,13,FR,restaurant,mobile,0.07,0
T000810,21.93,6,DE,restaurant,desktop,0.093,0
T001341,24.58,8,DE,restaurant,desktop,0.175,0
T000291,18.25,15,CH,fuel,pos,0.081,0
T000754,13.88,10,CH,retail,mobile,0.025,0
T000626,13.55,11,CH,fuel,desktop,0.066,0
T000943,23.12,15,CH,grocery,mobile,0.048,0
T000861,9.88,21,CH,retail,desktop,0.132,0
T000129,18.14,7,CH,restaurant,mobile,0.159,0
T001175,20.73,13,CH,restaurant,pos,0.158,0
T000323,86.09,19,CH,retail,pos,0.192,0
T001090,23.5,20,CH,fuel,mobile,0.125,0
T000843,30.86,16,DE,fuel,mobile,0.106,0
T000963,37.54,13,CH,retail,pos,0.044,0
T001864,53.66,19,FR,restaurant,pos,0.112,0
T000865,19.44,17,CH,retail,mobile,0.098,0
T000921,13.25,7,DE,restaurant,pos,0.13,0
T000695,20.37,18,CH,retail,mobile,0.193,0
T000215,38.68,9,CH,fuel,mobile,0.012,0
T001780,10.55,7,CH,fuel,mobile,0.028,0
T001261,25.68,16,DE,restaurant,pos,0.019,0
T000158,12.0,22,CH,grocery,desktop,0.125,0
T001058,33.99,13,CH,grocery,desktop,0.035,0
T000988,21.49,8,CH,retail,mobile,0.113,0
T000841,36.78,8,CH,fuel,mobile,0.048,0
T000634,13.37,9,IT,restaurant,mobile,0.174,0
T000516,33.13,11,DE,restaurant,pos,0.183,0
T001428,21.48,9,DE,grocery,mobile,0.085,0
T001747,33.14,18,CH,grocery,mobile,0.194,0
T000597,13.64,7,CH,retail,pos,0.028,0
T000195,30.91,14,CH,grocery,desktop,0.146,0
T001783,38.71,21,CH,retail,mobile,0.084,0
T000869,81.95,20,DE,fuel,mobile,0.046,0
T000410,37.6,10,DE,retail,desktop,0.02,0
T000096,29.3,7,DE,grocery,mobile,0.188,0
T001000,56.8,9,CH,restaurant,mobile,0.013,0
T001505,18.69,18,CH,retail,desktop,0.053,0
T000156,75.15,17,CH,fuel,desktop,0.083,0
T000419,25.55,8,CH,retail,desktop,0.014,0
T001802,16.04,13,CH,retail,pos,0.162,0
T000477,29.57,21,FR,grocery,pos,0.032,0
T001855,16.41,19,IT,fuel,mobile,0.033,0
T000668,5.0,14,CH,grocery,desktop,0.175,0
T001417,28.82,19,FR,restaurant,pos,0.185,0
T001871,21.56,22,DE,retail,desktop,0.081,0
T001299,29.76,19,CH,retail,pos,0.169,0
T000447,13.96,9,CH,grocery,mobile,0.062,0
T000553,28.58,21,FR,fuel,pos,0.091,0
T000178,20.93,12,CH,restaurant,desktop,0.163,0
T000390,14.31,7,CH,fuel,mobile,0.058,0
T000578,10.1,10,CH,grocery,pos,0.166,0
T001477,31.55,11,CH,grocery,pos,0.09,0
T001706,36.73,19,CH,fuel,desktop,0.101,0
T001287,33.27,13,CH,retail,mobile,0.098,0
T001644,12.97,6,IT,fuel,mobile,0.021,0
T001023,88.71,14,CH,fuel,pos,0.172,0
T000820,17.99,6,CH,grocery,pos,0.08,0
T001824,27.14,15,CH,retail,desktop,0.177,0
T000984,24.48,8,FR,retail,desktop,0.053,0
T001338,19.44,17,IT,fuel,mobile,0.174,0
T000664,16.0,8,CH,restaurant,desktop,0.11,0
T000142,9.35,17,CH,fuel,desktop,0.075,0
T001516,60.83,20,DE,fuel,mobile,0.022,0
T001429,20.78,8,CH,fuel,desktop,0.05,0
T000864,16.98,11,IT,grocery,desktop,0.143,0
T000421,70.33,18,CH,restaurant,mobile,0.039,0
T000636,40.2,9,DE,restaurant,desktop,0.199,0
T001406,10.45,11,CH,fuel,mobile,0.104,0
T000799,24.97,14,DE,retail,mobile,0.101,0
T001403,37.76,18,CH,grocery,desktop,0.117,0
T000615,26.51,16,CH,fuel,desktop,0.099,0
T000294,30.39,16,CH,grocery,desktop,0.04,0
T000923,16.12,15,CH,fuel,desktop,0.116,0
T001268,15.78,11,CH,retail,mobile,0.061,0
T001902,49.59,12,DE,retail,desktop,0.141,0
T000088,17.85,18,CH,grocery,desktop,0.196,0
T000041,27.19,19,CH,retail,desktop,0.059,0
T001801,23.66,16,FR,retail,pos,0.058,0
T001933,23.02,20,DE,restaurant,mobile,0.192,0
T000131,25.56,14,CH,restaurant,desktop,0.078,0
T001001,42.72,16,DE,fuel,mobile,0.09,0
T001157,94.77,22,CH,restaurant,pos,0.195,0
T001094,38.08,13,CH,fuel,mobile,0.097,0
T001854,44.72,9,CH,restaurant,mobile,0.059,0
T001344,43.37,13,CH,retail,desktop,0.172,0
T001498,45.35,14,FR,retail,desktop,0.084,0
T000164,43.73,10,CH,restaurant,mobile,0.053,0
T000724,27.18,18,CH,fuel,mobile,0.034,0
T000290,21.65,12,DE,fuel,pos,0.025,0
T001208,10.57,10,CH,fuel,desktop,0.073,0
T001588,14.93,19,CH,restaurant,mobile,0.137,0
T001896,21.0,21,CH,grocery,mobile,0.082,0
T001641,57.24,20,IT,fuel,mobile,0.03,0
T001361,34.73,17,CH,restaurant,mobile,0.05,0
T000778,23.46,10,DE,retail,mobile,0.15,0
T000839,21.58,22,CH,retail,mobile,0.063,0
T000348,15.94,11,CH,fuel,pos,0.125,0
T001944,157.31,1,NG,gift_cards,vpn,0.616,1
T000571,67.08,10,CH,restaurant,mobile,0.132,0
T000917,27.44,13,IT,grocery,mobile,0.102,0
T000976,18.7,15,IT,fuel,mobile,0.109,0
T001913,33.13,9,FR,restaurant,mobile,0.024,0
T001468,11.97,8,CH,grocery,mobile,0.044,0
T001591,4.25,10,CH,restaurant,desktop,0.094,0
T001317,20.43,20,DE,fuel,mobile,0.156,0
T001844,27.0,16,CH,restaurant,mobile,0.013,0
T000136,15.33,11,CH,restaurant,desktop,0.098,0
T000458,17.6,10,DE,retail,mobile,0.089,0
T000375,15.48,15,CH,fuel,desktop,0.057,0
T001342,31.89,13,CH,restaurant,mobile,0.018,0
T000333,16.34,22,CH,restaurant,mobile,0.103,0
T001159,20.19,10,DE,fuel,mobile,0.053,0
T001760,65.63,14,FR,fuel,mobile,0.182,0
T001457,30.84,16,DE,restaurant,desktop,0.065,0
T000816,28.8,15,CH,fuel,pos,0.153,0
T001114,26.85,10,CH,grocery,mobile,0.063,0
T001005,31.07,21,CH,fuel,mobile,0.139,0
T001856,56.57,19,CH,grocery,mobile,0.189,0
T001954,219.17,5,BR,crypto,unknown,0.867,1
T001850,16.65,18,CH,fuel,pos,0.111,0
T000910,20.4,10,CH,fuel,mobile,0.067,0
T001929,79.44,14,FR,restaurant,desktop,0.087,0
T001125,12.33,15,DE,grocery,desktop,0.047,0
T000328,35.68,17,IT,retail,mobile,0.056,0
T001247,15.46,16,FR,restaurant,mobile,0.135,0
T000318,29.8,10,FR,restaurant,mobile,0.044,0
T001689,21.0,14,CH,retail,mobile,0.168,0
T001358,10.1,6,IT,restaurant,desktop,0.135,0
T001732,24.25,17,DE,fuel,mobile,0.098,0
T000167,76.56,16,IT,retail,desktop,0.144,0
T000012,28.37,11,CH,retail,desktop,0.089,0
T001926,5.38,10,CH,fuel,desktop,0.09,0
T000171,15.04,14,CH,grocery,mobile,0.15,0
T000649,37.25,22,IT,retail,pos,0.16,0
T001061,4.44,19,CH,grocery,desktop,0.169,0
T000260,14.07,16,CH,fuel,pos,0.036,0
T001366,24.13,14,CH,fuel,pos,0.133,0
T001548,38.85,17,CH,grocery,mobile,0.102,0
T000901,19.38,17,CH,grocery,mobile,0.03,0
T000672,19.97,15,FR,grocery,mobile,0.086,0
T000258,32.02,21,CH,retail,desktop,0.124,0
T000844,27.11,21,CH,grocery,mobile,0.195,0
T000867,29.98,13,CH,grocery,mobile,0.036,0
T001799,24.85,20,DE,retail,desktop,0.035,0
T000138,39.97,13,DE,grocery,mobile,0.196,0
T000893,49.48,14,DE,grocery,mobile,0.014,0
T001837,26.18,17,FR,grocery,desktop,0.016,0
T000549,17.07,18,CH,retail,pos,0.107,0
T000319,22.69,11,DE,grocery,pos,0.015,0
T001526,76.0,19,DE,grocery,desktop,0.181,0
T001805,9.48,21,DE,grocery,pos,0.043,0
T001177,23.13,11,DE,grocery,desktop,0.073,0
T000558,31.08,7,CH,grocery,pos,0.076,0
T000139,11.72,14,CH,restaurant,pos,0.17,0
T001734,39.65,22,DE,grocery,desktop,0.139,0
T000531,9.05,22,DE,retail,mobile,0.13,0
T000224,18.48,19,CH,fuel,mobile,0.02,0
T000723,38.32,16,FR,retail,mobile,0.013,0
T000786,40.46,7,CH,retail,pos,0.153,0
T001717,27.5,9,DE,grocery,desktop,0.067,0
T001007,35.91,19,IT,restaurant,pos,0.098,0
T000409,33.4,14,CH,restaurant,mobile,0.022,0
T000325,11.84,8,DE,fuel,desktop,0.068,0
T001765,14.79,13,CH,fuel,desktop,0.046,0
T000299,35.79,20,DE,retail,mobile,0.011,0
T001262,33.89,22,CH,grocery,pos,0.01,0
T001945,308.09,1,CN,crypto,unknown,0.886,1
T000025,26.22,18,CH,retail,mobile,0.011,0
T001858,29.17,22,CH,restaurant,pos,0.069,0
T000714,23.98,7,CH,retail,mobile,0.1,0
T001009,17.79,10,CH,grocery,mobile,0.197,0
T000193,11.62,7,CH,restaurant,desktop,0.044,0
T000440,30.89,20,IT,restaurant,desktop,0.054,0
T000573,21.51,22,CH,grocery,pos,0.01,0
T000946,9.82,20,CH,fuel,mobile,0.033,0
T000997,36.04,21,DE,fuel,desktop,0.073,0
T000503,34.39,7,CH,grocery,mobile,0.031,0
T000605,75.65,17,FR,grocery,pos,0.017,0
T001716,29.94,21,CH,restaurant,pos,0.104,0
T001163,9.14,9,CH,retail,mobile,0.048,0
T001786,20.38,8,FR,restaurant,mobile,0.185,0
T000846,29.18,6,CH,retail,mobile,0.188,0
T000003,61.18,22,FR,retail,mobile,0.099,0
T001286,8.15,21,DE,retail,desktop,0.05,0
T001222,35.88,14,CH,restaurant,mobile,0.174,0
T000467,38.65,17,FR,retail,mobile,0.185,0
T000321,35.06,19,CH,restaurant,desktop,0.122,0
T000005,21.32,19,CH,retail,pos,0.17,0
T000222,37.03,20,DE,restaurant,mobile,0.027,0
T001374,59.31,20,CH,retail,desktop,0.046,0
T000547,21.72,11,CH,grocery,mobile,0.091,0
T000228,15.97,7,CH,retail,pos,0.132,0
T000039,27.61,18,CH,restaurant,pos,0.109,0
T000542,33.71,22,DE,fuel,mobile,0.097,0
T000242,33.21,6,CH,retail,pos,0.062,0
T000898,50.6,22,IT,retail,mobile,0.013,0
T001133,32.2,20,CH,grocery,mobile,0.162,0
T001448,51.57,21,IT,restaurant,mobile,0.142,0
T001868,12.75,11,IT,restaurant,desktop,0.095,0
T000842,12.51,20,DE,fuel,mobile,0.061,0
T001418,61.38,18,CH,grocery,mobile,0.089,0
T001653,19.85,17,IT,retail,mobile,0.086,0
T001969,177.76,2,CN,crypto,unknown,0.746,1
T000661,17.67,11,DE,retail,mobile,0.011,0
T001210,11.63,21,CH,retail,pos,0.09,0
T000314,53.69,11,IT,fuel,desktop,0.191,0
T000691,49.19,21,CH,fuel,pos,0.15,0
T001503,24.48,21,CH,retail,desktop,0.017,0
T000424,36.13,12,CH,grocery,mobile,0.087,0
T000594,45.72,13,CH,fuel,desktop,0.018,0
T001963,53.82,3,BR,gift_cards,emulator,0.807,1
T000622,75.88,20,CH,grocery,desktop,0.059,0
T001170,38.68,8,CH,restaurant,mobile,0.156,0
T001043,23.97,8,DE,grocery,mobile,0.083,0
T000227,12.85,11,CH,grocery,desktop,0.18,0
T001117,23.7,13,CH,restaurant,desktop,0.146,0
T001331,50.97,20,DE,retail,mobile,0.053,0
T001315,11.17,14,DE,grocery,desktop,0.111,0
T000066,23.5,18,CH,grocery,mobile,0.051,0
T000024,17.7,12,DE,grocery,mobile,0.161,0
T000144,28.67,6,CH,retail,mobile,0.182,0
T000536,14.64,6,DE,grocery,mobile,0.06,0
T000811,18.84,6,CH,restaurant,mobile,0.058,0
T001466,66.82,15,CH,grocery,desktop,0.104,0
T000085,18.15,8,CH,retail,mobile,0.053,0
T001660,54.07,17,CH,fuel,mobile,0.138,0
T001645,31.72,16,CH,retail,pos,0.193,0
T001804,8.32,15,IT,grocery,mobile,0.141,0
T001817,15.93,11,DE,restaurant,mobile,0.114,0
T001576,9.31,17,CH,restaurant,desktop,0.058,0
T001144,22.11,14,FR,retail,pos,0.077,0
T000362,22.98,13,CH,retail,desktop,0.029,0
T001611,9.6,14,FR,retail,mobile,0.143,0
T001865,9.05,11,CH,retail,mobile,0.175,0
T001026,25.1,12,CH,fuel,pos,0.179,0
T001030,21.02,13,FR,grocery,mobile,0.042,0
T001303,15.59,15,CH,retail,pos,0.015,0
T001355,5.18,14,CH,retail,pos,0.042,0
T001730,21.45,19,CH,restaurant,desktop,0.025,0
T000665,26.15,20,CH,restaurant,mobile,0.15,0
T000364,37.12,20,CH,grocery,pos,0.074,0
T000077,20.5,7,DE,grocery,pos,0.155,0
T000027,30.74,21,CH,restaurant,mobile,0.123,0
T001436,21.13,6,DE,restaurant,mobile,0.015,0
T000525,8.31,6,FR,fuel,mobile,0.09,0
T001834,16.99,17,CH,restaurant,desktop,0.137,0
T000055,42.9,22,CH,fuel,mobile,0.108,0
T000638,11.31,15,DE,retail,desktop,0.178,0
T000302,38.41,6,FR,fuel,mobile,0.131,0
T000718,19.72,9,FR,restaurant,mobile,0.193,0
T000624,63.81,7,CH,grocery,desktop,0.016,0
T000007,38.88,11,CH,restaurant,mobile,0.049,0
T000803,18.59,12,CH,retail,mobile,0.121,0
T001049,56.15,11,FR,fuel,pos,0.076,0
T000336,14.95,18,DE,fuel,desktop,0.064,0
T000047,46.26,21,CH,retail,desktop,0.162,0
T001763,9.38,18,FR,grocery,pos,0.06,0
T000106,76.07,8,DE,grocery,pos,0.095,0
T000349,21.58,11,IT,grocery,mobile,0.137,0
T001079,40.86,22,DE,fuel,desktop,0.185,0
T000238,16.49,17,DE,restaurant,pos,0.2,0
T000213,36.26,13,CH,restaurant,pos,0.044,0
T001775,11.11,8,CH,restaurant,desktop,0.18,0
T001138,35.11,18,CH,restaurant,desktop,0.021,0
T000793,11.4,15,CH,restaurant,mobile,0.12,0
T001586,27.27,9,IT,retail,desktop,0.179,0
T001582,13.34,18,DE,fuel,desktop,0.2,0
T001671,19.69,13,CH,restaurant,desktop,0.116,0
T000523,34.55,20,DE,restaurant,mobile,0.051,0
T000232,25.21,15,CH,grocery,mobile,0.012,0
T000644,21.17,6,CH,retail,mobile,0.147,0
T001507,43.52,8,CH,fuel,mobile,0.177,0
T000533,11.86,8,CH,restaurant,desktop,0.035,0
T001941,419.59,4,BR,crypto,unknown,0.841,1
T000603,55.33,22,DE,retail,desktop,0.155,0
T001329,35.16,20,DE,grocery,mobile,0.116,0
T001074,44.6,13,CH,fuel,mobile,0.108,0
T001304,33.85,14,IT,fuel,mobile,0.161,0
T000060,18.4,6,IT,fuel,mobile,0.061,0
T001263,14.12,7,CH,fuel,pos,0.124,0
T000092,16.1,21,CH,restaurant,mobile,0.18,0
T000666,21.05,20,CH,restaurant,desktop,0.169,0
T000280,26.26,17,CH,restaurant,pos,0.064,0
T001113,33.03,19,DE,fuel,pos,0.163,0
T000359,14.93,13,CH,restaurant,desktop,0.089,0
T001128,23.61,18,CH,fuel,mobile,0.091,0
T001169,40.94,8,DE,restaurant,mobile,0.134,0
T000847,107.04,21,CH,restaurant,mobile,0.192,0
T001521,34.79,21,DE,grocery,desktop,0.028,0
T000110,7.76,12,CH,retail,desktop,0.113,0
T000042,22.89,21,CH,fuel,mobile,0.033,0
T000125,91.31,13,CH,retail,mobile,0.115,0
T000204,10.73,7,DE,fuel,mobile,0.147,0
T000052,16.34,20,FR,fuel,pos,0.089,0
T000545,15.21,10,CH,grocery,desktop,0.07,0
T000068,30.48,13,DE,fuel,pos,0.154,0
T001740,23.04,17,CH,fuel,desktop,0.163,0
T001547,29.4,11,CH,grocery,mobile,0.173,0
T000183,32.77,19,CH,retail,mobile,0.13,0
T000137,20.22,22,DE,fuel,desktop,0.024,0
T000899,15.03,8,CH,grocery,mobile,0.127,0
T000796,23.96,20,DE,retail,mobile,0.191,0
T000132,12.97,17,CH,restaurant,desktop,0.057,0
T000080,21.5,9,CH,fuel,mobile,0.192,0
T001986,447.82,2,RU,electronics,unknown,0.603,1
T001540,24.13,17,CH,fuel,mobile,0.11,0
T000541,12.46,6,DE,fuel,desktop,0.035,0
T001668,40.62,11,DE,restaurant,mobile,0.03,0
T000983,23.84,22,IT,fuel,mobile,0.014,0
T000165,31.43,6,CH,retail,desktop,0.166,0
T000248,70.76,15,CH,fuel,desktop,0.119,0
T000446,30.57,13,CH,restaurant,desktop,0.184,0
T001514,23.35,14,CH,restaurant,pos,0.019,0
T000858,17.61,16,CH,retail,pos,0.032,0
T001211,16.19,7,CH,restaurant,mobile,0.129,0
T000097,28.69,15,CH,grocery,mobile,0.17,0
T001973,105.27,1,BR,electronics,unknown,0.707,1
T000737,44.24,21,CH,retail,mobile,0.055,0
T001255,11.87,10,CH,restaurant,pos,0.075,0
T000102,19.97,18,DE,fuel,desktop,0.161,0
T000434,60.43,21,IT,grocery,desktop,0.099,0
T000074,5.09,7,CH,grocery,desktop,0.093,0
T001791,26.29,14,CH,restaurant,desktop,0.144,0
T001234,15.15,14,CH,grocery,mobile,0.101,0
T000918,18.77,13,CH,grocery,mobile,0.075,0
T001711,22.82,11,CH,restaurant,mobile,0.192,0
T001670,21.26,15,CH,restaurant,desktop,0.107,0
T001620,26.26,15,DE,fuel,mobile,0.067,0
T000762,113.98,6,DE,grocery,mobile,0.118,0
T000989,24.93,11,CH,fuel,pos,0.141,0
T000388,43.39,9,CH,restaurant,pos,0.145,0
T000235,35.89,20,IT,retail,mobile,0.081,0
T001506,37.26,15,DE,grocery,pos,0.164,0
T000267,10.4,16,CH,retail,mobile,0.024,0
T001187,21.44,9,CH,grocery,mobile,0.122,0
T000117,12.17,15,CH,retail,desktop,0.044,0
T001606,26.41,12,CH,retail,pos,0.138,0
T000673,19.63,18,DE,fuel,mobile,0.08,0
T000249,31.28,20,CH,grocery,desktop,0.142,0
T001452,28.35,18,CH,restaurant,mobile,0.042,0
T001994,340.56,2,RU,crypto,emulator,0.774,1
T000094,19.39,13,CH,retail,pos,0.167,0
T000033,13.01,22,CH,retail,mobile,0.111,0
T001463,14.73,12,CH,retail,desktop,0.079,0
T001667,18.12,7,CH,restaurant,pos,0.065,0
T000448,18.02,7,CH,restaurant,mobile,0.162,0
T000716,26.27,11,CH,grocery,pos,0.187,0
T001809,41.97,21,CH,grocery,pos,0.153,0
T001517,35.82,10,CH,fuel,desktop,0.08,0
T000000,33.05,16,CH,grocery,desktop,0.069,0
T001375,21.64,6,DE,fuel,pos,0.189,0
T001101,4.32,13,FR,retail,mobile,0.137,0
T001108,16.87,10,CH,restaurant,mobile,0.159,0
T001226,25.19,14,DE,grocery,pos,0.066,0
T000082,59.55,16,IT,grocery,desktop,0.052,0
T001288,12.65,6,DE,restaurant,mobile,0.183,0
T000676,12.6,22,CH,grocery,mobile,0.196,0
T001920,7.48,13,DE,fuel,mobile,0.015,0
T001046,36.28,7,CH,fuel,desktop,0.096,0
T000770,37.51,10,CH,grocery,mobile,0.162,0
T001946,41.86,3,BR,travel,emulator,0.946,1
T001280,26.58,19,CH,retail,mobile,0.03,0
T001580,27.67,15,CH,fuel,desktop,0.19,0
T001488,9.82,11,DE,fuel,mobile,0.093,0
T000404,18.73,6,DE,retail,pos,0.053,0
T001727,39.84,13,IT,grocery,mobile,0.128,0
T001298,28.8,17,IT,retail,pos,0.03,0
T001340,27.01,9,DE,fuel,desktop,0.146,0
T000104,22.27,7,DE,grocery,mobile,0.099,0
T000688,37.58,6,CH,fuel,mobile,0.104,0
T001305,14.31,13,CH,fuel,mobile,0.124,0
T000826,63.29,22,CH,fuel,mobile,0.016,0
T000062,12.63,10,DE,restaurant,mobile,0.168,0
T000852,16.74,19,DE,fuel,mobile,0.109,0
T001353,38.69,11,FR,retail,mobile,0.167,0
T000223,9.32,15,CH,fuel,mobile,0.143,0
T000145,39.22,16,CH,restaurant,desktop,0.111,0
T001088,21.0,11,DE,fuel,mobile,0.121,0
T000373,43.62,9,CH,retail,desktop,0.169,0
T001420,33.89,17,CH,retail,desktop,0.015,0
T001142,22.42,18,CH,fuel,pos,0.065,0
T001826,12.75,8,FR,restaurant,desktop,0.099,0
T001494,61.88,22,DE,restaurant,mobile,0.077,0
T001601,55.98,16,DE,grocery,desktop,0.174,0
T001270,47.22,11,IT,retail,mobile,0.12,0
T000009,33.97,21,CH,restaurant,pos,0.112,0
T000449,12.99,15,IT,fuel,pos,0.184,0
T000708,7.03,16,CH,restaurant,pos,0.194,0
T000255,18.35,6,CH,restaurant,mobile,0.023,0
T000882,18.29,16,CH,retail,desktop,0.165,0
T000389,17.35,14,CH,fuel,mobile,0.04,0
T000908,36.14,9,CH,restaurant,mobile,0.089,0
T000924,50.25,17,CH,retail,mobile,0.064,0
T001703,47.74,12,CH,restaurant,mobile,0.043,0
T001232,23.27,7,CH,fuel,mobile,0.112,0
T000460,79.75,13,IT,grocery,mobile,0.198,0
T001269,51.5,7,DE,restaurant,mobile,0.038,0
T001759,54.0,10,CH,restaurant,mobile,0.077,0
T001168,35.05,11,CH,grocery,pos,0.128,0
T000958,34.53,10,CH,fuel,mobile,0.18,0
T000501,77.14,22,IT,fuel,pos,0.012,0
T000739,45.09,22,CH,fuel,pos,0.133,0
T001849,31.7,14,CH,fuel,pos,0.13,0
T000868,36.42,9,CH,retail,desktop,0.075,0
T000731,13.64,8,CH,restaurant,mobile,0.182,0
T000539,17.35,9,CH,restaurant,pos,0.115,0
T001201,18.96,18,DE,retail,mobile,0.118,0
T000697,11.58,8,DE,retail,pos,0.146,0
T001392,82.11,22,CH,grocery,mobile,0.045,0
T001376,16.42,6,CH,restaurant,desktop,0.109,0
T001145,24.76,17,IT,fuel,desktop,0.073,0
T001031,9.01,17,FR,grocery,desktop,0.144,0
T000372,58.6,15,DE,restaurant,mobile,0.178,0
T000667,60.49,9,FR,fuel,desktop,0.19,0
T001525,47.15,15,DE,retail,mobile,0.036,0
T000357,20.63,7,CH,grocery,pos,0.018,0
T000967,72.28,11,DE,restaurant,mobile,0.112,0
T000783,35.39,18,CH,fuel,desktop,0.118,0
T000735,32.58,11,CH,restaurant,mobile,0.109,0
T001035,63.08,19,CH,grocery,desktop,0.176,0
T000970,26.49,16,CH,grocery,pos,0.092,0
T001524,19.62,19,CH,grocery,mobile,0.152,0
T001486,10.47,10,IT,retail,pos,0.052,0
T001523,13.8,15,CH,retail,pos,0.07,0
T001490,17.62,8,CH,restaurant,mobile,0.118,0
T001642,23.39,17,CH,restaurant,mobile,0.194,0
T001252,7.42,13,CH,restaurant,pos,0.166,0
T001693,10.94,12,IT,fuel,pos,0.093,0
T001749,44.73,19,DE,restaurant,desktop,0.122,0
T001236,67.13,17,FR,restaurant,mobile,0.049,0
T000885,74.29,7,DE,grocery,mobile,0.026,0
T000079,7.44,19,DE,grocery,desktop,0.118,0
T001172,26.12,7,CH,fuel,mobile,0.151,0
T000814,45.56,13,CH,grocery,mobile,0.044,0
T001285,11.04,15,CH,retail,mobile,0.14,0
T000671,7.07,14,CH,fuel,desktop,0.039,0
T001531,8.49,7,CH,fuel,desktop,0.079,0
T000057,20.38,12,CH,restaurant,mobile,0.055,0
T000133,32.59,22,CH,retail,desktop,0.127,0
T001140,20.52,14,FR,grocery,mobile,0.067,0
T000933,6.56,20,CH,grocery,mobile,0.198,0
T001684,12.09,7,CH,restaurant,desktop,0.2,0
T000823,19.73,20,IT,retail,mobile,0.144,0
T001214,20.55,18,CH,restaurant,desktop,0.126,0
T000504,16.6,13,IT,grocery,pos,0.135,0
T001774,15.71,19,CH,retail,mobile,0.151,0
T000347,10.54,10,IT,restaurant,pos,0.014,0
T000386,30.12,18,FR,retail,pos,0.141,0
T001024,69.17,15,CH,restaurant,mobile,0.139,0
T000894,56.22,10,CH,retail,mobile,0.076,0
T000828,19.07,22,FR,retail,desktop,0.089,0
T001892,18.88,13,CH,fuel,pos,0.022,0
T000475,21.13,21,CH,retail,mobile,0.078,0
T001470,50.3,11,CH,fuel,mobile,0.062,0
T001447,34.88,13,CH,restaurant,mobile,0.171,0
T001581,48.87,12,DE,restaurant,pos,0.053,0
T000652,20.88,6,FR,grocery,mobile,0.199,0
T000172,23.42,17,CH,restaurant,desktop,0.046,0
T001149,14.76,8,CH,grocery,mobile,0.2,0
T000038,11.06,10,FR,fuel,pos,0.105,0
T000713,31.17,14,FR,fuel,desktop,0.089,0
T000090,26.0,18,CH,retail,mobile,0.063,0
T001936,28.57,17,FR,fuel,desktop,0.017,0
T001205,25.14,20,CH,grocery,desktop,0.099,0
T000875,72.0,20,CH,grocery,pos,0.126,0
T001351,8.32,10,DE,restaurant,mobile,0.123,0
T001889,24.32,12,IT,restaurant,mobile,0.114,0
T001093,25.31,10,CH,fuel,mobile,0.199,0
T001155,44.97,18,CH,restaurant,pos,0.097,0
T001781,23.34,11,DE,retail,mobile,0.147,0
T001958,123.85,0,US,travel,unknown,0.652,1
T000499,10.7,6,CH,restaurant,mobile,0.088,0
T000338,31.43,17,CH,fuel,mobile,0.098,0
T001188,34.13,18,FR,restaurant,mobile,0.13,0
T000028,17.11,14,CH,fuel,desktop,0.07,0
T001217,29.0,16,CH,fuel,pos,0.085,0
T001399,16.54,19,CH,grocery,pos,0.071,0
T001820,22.67,11,IT,grocery,pos,0.138,0
T000945,12.91,20,CH,grocery,mobile,0.094,0
T000169,15.61,9,CH,grocery,mobile,0.121,0
T001404,44.6,22,CH,restaurant,pos,0.123,0
T001197,34.17,20,CH,fuel,desktop,0.014,0
T001253,30.71,11,CH,restaurant,desktop,0.187,0
T001613,23.41,10,IT,retail,mobile,0.088,0
T000912,28.49,17,CH,retail,desktop,0.111,0
T000491,59.62,15,CH,retail,desktop,0.101,0
T000953,58.34,6,DE,restaurant,mobile,0.065,0
T001097,7.4,17,IT,fuel,pos,0.198,0
T001032,31.17,20,CH,grocery,mobile,0.065,0
T000587,14.73,6,CH,retail,desktop,0.111,0
T000750,14.1,17,IT,grocery,mobile,0.026,0
T000657,24.18,19,CH,restaurant,mobile,0.16,0
T000234,88.8,8,CH,retail,desktop,0.127,0
T000732,31.34,19,CH,retail,pos,0.068,0
T001988,45.15,4,CN,crypto,emulator,0.667,1
T001632,16.67,21,FR,restaurant,pos,0.137,0
T001156,16.23,18,CH,grocery,mobile,0.168,0
T001469,32.03,15,CH,restaurant,mobile,0.113,0
T001424,13.11,17,CH,grocery,desktop,0.059,0
T001627,52.91,7,CH,retail,desktop,0.19,0
T000934,31.94,8,CH,fuel,mobile,0.14,0
T001209,70.09,22,DE,restaurant,mobile,0.086,0
T001065,12.53,18,CH,grocery,pos,0.161,0
T000108,28.63,19,DE,fuel,desktop,0.13,0
T001542,66.47,16,DE,grocery,mobile,0.115,0
T000568,7.98,22,CH,grocery,desktop,0.057,0
T001167,34.41,11,IT,fuel,pos,0.07,0
T001174,15.61,11,CH,retail,desktop,0.021,0
T000890,40.14,21,DE,fuel,desktop,0.12,0
T000947,16.2,9,CH,fuel,mobile,0.102,0
T001048,59.5,22,CH,retail,pos,0.026,0
T001352,33.95,18,CH,grocery,mobile,0.166,0
T001777,23.99,20,IT,retail,pos,0.082,0
T001446,17.86,9,CH,grocery,mobile,0.14,0
T000884,36.93,16,CH,retail,desktop,0.047,0
T001672,19.39,6,CH,grocery,mobile,0.088,0
T000850,16.88,14,CH,restaurant,desktop,0.156,0
T000734,45.49,6,CH,restaurant,desktop,0.014,0
T000717,26.85,13,CH,retail,mobile,0.075,0
T000454,17.85,18,CH,restaurant,mobile,0.137,0
T000264,21.08,9,FR,retail,mobile,0.064,0
T000075,40.17,13,CH,retail,mobile,0.073,0
T001657,54.09,16,DE,fuel,desktop,0.028,0
T000444,11.22,8,CH,grocery,mobile,0.141,0
T000395,18.51,8,DE,fuel,mobile,0.013,0
T000176,24.72,10,DE,retail,mobile,0.02,0
T001042,46.86,11,CH,grocery,mobile,0.082,0
T001735,9.3,18,CH,restaurant,mobile,0.012,0
T001401,33.85,13,CH,fuel,mobile,0.177,0
T001380,36.85,22,FR,grocery,mobile,0.084,0
T000595,18.07,15,DE,retail,mobile,0.092,0
T000061,21.95,9,IT,retail,mobile,0.112,0
T001296,42.58,20,CH,grocery,desktop,0.026,0
T000872,10.72,7,DE,fuel,desktop,0.112,0
T001489,52.33,21,CH,restaurant,mobile,0.144,0
T001878,8.93,11,CH,grocery,desktop,0.052,0
T000278,25.58,18,CH,retail,desktop,0.146,0
T000036,27.81,11,FR,restaurant,desktop,0.166,0
T001975,59.42,2,US,gift_cards,emulator,0.731,1
T000662,24.06,22,CH,retail,pos,0.018,0
T001953,140.45,1,US,electronics,vpn,0.689,1
T001444,31.18,20,FR,grocery,desktop,0.087,0
T000977,5.73,8,CH,fuel,mobile,0.016,0
T001571,11.56,13,CH,fuel,mobile,0.019,0
T000738,66.64,10,CH,retail,mobile,0.12,0
T000191,41.01,18,CH,retail,mobile,0.021,0
T000919,27.56,13,CH,fuel,pos,0.113,0
T000456,23.01,14,IT,retail,desktop,0.106,0
T000675,15.38,12,CH,fuel,mobile,0.136,0
T000760,17.37,12,CH,fuel,mobile,0.184,0
T001807,33.29,18,DE,retail,mobile,0.169,0
T001602,16.65,9,CH,fuel,mobile,0.107,0
T000728,17.75,9,FR,restaurant,mobile,0.06,0
T000412,9.77,22,CH,restaurant,pos,0.183,0
T001098,42.51,13,CH,retail,mobile,0.146,0
T000825,58.68,21,CH,restaurant,mobile,0.103,0
T001639,12.93,9,CH,fuel,mobile,0.075,0
T000616,26.2,12,CH,grocery,mobile,0.068,0
T000114,21.86,18,CH,fuel,desktop,0.059,0
T000417,26.3,10,DE,fuel,desktop,0.078,0
T001910,69.37,7,CH,fuel,mobile,0.012,0
T000969,10.4,13,CH,fuel,desktop,0.08,0
T000604,31.44,22,DE,restaurant,mobile,0.121,0
T001918,22.18,11,CH,fuel,mobile,0.088,0
T000089,33.38,7,CH,grocery,pos,0.132,0
T000848,16.73,14,CH,restaurant,pos,0.05,0
T001519,74.62,7,DE,retail,mobile,0.072,0
T001917,16.9,11,CH,restaurant,mobile,0.071,0
T000753,46.16,19,CH,retail,mobile,0.048,0
T000498,14.51,22,DE,retail,mobile,0.098,0
T001276,98.65,18,CH,retail,mobile,0.109,0
T001325,7.5,8,DE,fuel,mobile,0.143,0
T000011,18.55,17,IT,restaurant,pos,0.106,0
T000396,8.78,8,CH,retail,mobile,0.039,0
T000284,88.22,10,CH,fuel,pos,0.033,0
T001066,11.28,20,CH,fuel,pos,0.185,0
T001191,11.02,22,CH,fuel,desktop,0.161,0
T001744,14.06,17,CH,retail,desktop,0.066,0
T000690,19.76,21,FR,restaurant,pos,0.158,0
T001752,16.57,6,CH,fuel,mobile,0.011,0
T001875,56.68,15,CH,retail,pos,0.147,0
T000689,32.03,16,CH,fuel,mobile,0.089,0
T000851,17.58,12,CH,grocery,mobile,0.175,0
T000159,36.38,6,CH,grocery,mobile,0.177,0
T000895,36.21,21,CH,fuel,mobile,0.147,0
T001575,24.01,20,IT,restaurant,pos,0.151,0
T000257,16.05,17,CH,retail,mobile,0.013,0
T000335,22.46,16,CH,fuel,desktop,0.168,0
T001879,15.13,6,CH,grocery,desktop,0.026,0
T001039,45.98,20,DE,retail,pos,0.138,0
T000515,38.6,18,CH,restaurant,pos,0.138,0
T001348,10.8,16,IT,restaurant,pos,0.074,0
T001015,27.63,11,IT,fuel,pos,0.172,0
T000768,16.84,12,FR,restaurant,mobile,0.071,0
T001746,44.04,10,CH,restaurant,desktop,0.09,0
T000761,26.4,21,CH,fuel,desktop,0.099,0
T001246,25.04,15,CH,grocery,pos,0.198,0
T001203,33.99,13,IT,retail,pos,0.104,0
T001467,31.09,21,CH,fuel,pos,0.124,0
T001983,110.43,5,CN,gift_cards,emulator,0.728,1
T000521,33.99,17,DE,restaurant,desktop,0.105,0
T000022,25.55,20,FR,fuel,pos,0.056,0
T000356,24.26,21,CH,fuel,pos,0.04,0
T001277,31.06,22,CH,retail,mobile,0.142,0
T001312,56.49,20,DE,retail,desktop,0.16,0
T001682,14.26,21,CH,grocery,mobile,0.1,0
T000340,14.98,14,CH,grocery,pos,0.043,0
T000431,7.22,18,CH,grocery,mobile,0.185,0
T000473,55.71,18,CH,restaurant,mobile,0.086,0
T000217,21.28,8,DE,restaurant,desktop,0.012,0
T000911,27.98,15,IT,retail,desktop,0.061,0
T001227,22.46,20,DE,restaurant,desktop,0.047,0
T001596,35.57,10,CH,retail,mobile,0.079,0
T001011,27.62,17,DE,retail,mobile,0.057,0
T001949,652.77,4,US,crypto,unknown,0.659,1
T000093,20.15,7,CH,fuel,desktop,0.108,0
T001008,46.05,7,DE,grocery,mobile,0.151,0
T001070,23.85,10,FR,restaurant,mobile,0.045,0
T001092,37.96,8,FR,fuel,desktop,0.121,0
T001914,8.33,12,CH,retail,pos,0.019,0
T001308,47.07,10,IT,restaurant,desktop,0.107,0
T000696,29.83,19,CH,fuel,mobile,0.051,0
T001827,57.2,13,CH,grocery,pos,0.174,0
T000996,72.14,8,CH,fuel,mobile,0.179,0
T000153,28.2,22,CH,fuel,desktop,0.142,0
T001099,30.2,16,CH,fuel,desktop,0.041,0
T001718,37.55,6,CH,grocery,pos,0.04,0
T001997,153.93,2,US,crypto,unknown,0.875,1
T000789,9.06,17,CH,grocery,mobile,0.084,0
T000580,30.06,21,FR,fuel,mobile,0.154,0
T000703,10.54,19,DE,restaurant,mobile,0.048,0
T001212,15.94,22,FR,fuel,desktop,0.064,0
T001295,23.12,14,FR,grocery,pos,0.089,0
T001665,24.2,22,CH,fuel,pos,0.03,0
T001260,34.29,8,DE,fuel,mobile,0.19,0
T000487,12.82,7,CH,restaurant,pos,0.091,0
T000559,19.06,10,CH,restaurant,mobile,0.137,0
T001141,56.0,13,CH,grocery,mobile,0.115,0
T001119,46.08,8,CH,restaurant,pos,0.019,0
T000801,18.0,16,CH,fuel,desktop,0.071,0
T000512,21.26,7,CH,fuel,mobile,0.049,0
T000633,18.99,14,CH,fuel,desktop,0.147,0
T001921,38.43,10,IT,fuel,mobile,0.181,0
T001787,15.62,10,FR,retail,desktop,0.011,0
T001545,32.5,8,DE,retail,desktop,0.038,0
T001150,13.53,21,CH,restaurant,mobile,0.158,0
T000790,31.75,6,CH,restaurant,pos,0.085,0
T000116,24.03,15,CH,retail,mobile,0.022,0
T000740,8.13,15,CH,fuel,mobile,0.141,0
T001690,34.88,15,CH,fuel,desktop,0.087,0
T001081,19.89,15,IT,grocery,pos,0.078,0
T000830,10.95,18,IT,fuel,desktop,0.092,0
T000119,38.52,13,FR,retail,pos,0.104,0
T000656,24.74,18,CH,fuel,mobile,0.139,0
T001907,12.48,14,CH,grocery,mobile,0.112,0
T000635,9.09,7,CH,retail,desktop,0.1,0
T000369,15.43,17,FR,grocery,mobile,0.062,0
T000268,18.84,13,DE,retail,mobile,0.138,0
T000655,25.42,14,IT,fuel,desktop,0.166,0
T000935,18.15,11,DE,grocery,mobile,0.132,0
T000822,97.45,21,DE,restaurant,mobile,0.155,0
T000866,29.12,20,CH,grocery,mobile,0.107,0
T000046,18.61,15,IT,retail,desktop,0.021,0
T001373,9.32,10,CH,restaurant,pos,0.012,0
T001708,22.66,19,FR,retail,mobile,0.068,0
T000991,7.21,22,CH,fuel,mobile,0.094,0
T000876,17.98,15,CH,fuel,mobile,0.144,0
T000773,43.97,17,CH,restaurant,mobile,0.159,0
T001219,88.86,22,CH,grocery,mobile,0.118,0
T001999,275.31,2,RU,gift_cards,emulator,0.791,1
T000004,21.32,14,CH,restaurant,pos,0.115,0
T001003,16.64,15,IT,fuel,pos,0.014,0
T001723,35.49,18,CH,grocery,desktop,0.092,0
T000263,13.27,12,IT,grocery,mobile,0.179,0
T001569,17.86,22,CH,retail,desktop,0.064,0
T001830,37.52,12,CH,grocery,mobile,0.179,0
T000443,23.26,6,CH,grocery,desktop,0.17,0
T001002,25.43,7,DE,fuel,desktop,0.046,0
T001077,18.98,12,FR,retail,mobile,0.027,0
T000837,13.48,6,CH,restaurant,mobile,0.017,0
T001790,7.96,18,CH,grocery,desktop,0.07,0
T000304,24.23,20,DE,retail,desktop,0.145,0
T001365,22.31,13,FR,restaurant,desktop,0.034,0
T001557,15.15,12,CH,grocery,desktop,0.135,0
T000313,39.97,6,FR,retail,mobile,0.028,0
T000149,29.32,9,CH,retail,mobile,0.043,0
T001148,63.86,12,CH,restaurant,desktop,0.184,0
T001213,41.97,12,CH,fuel,desktop,0.194,0
T000574,40.35,11,CH,retail,desktop,0.148,0
T000050,29.8,14,IT,restaurant,mobile,0.074,0
T001552,14.49,21,CH,grocery,desktop,0.085,0
T000726,24.81,12,DE,restaurant,mobile,0.1,0
T000833,15.48,8,FR,retail,mobile,0.152,0
T001377,45.78,15,CH,fuel,pos,0.199,0
T001115,30.54,11,DE,fuel,mobile,0.08,0
T001166,56.29,18,CH,retail,desktop,0.099,0
T000470,20.8,20,CH,fuel,mobile,0.184,0
T000971,16.3,6,IT,restaurant,desktop,0.035,0
T000653,12.63,15,CH,grocery,mobile,0.16,0
T000399,51.56,19,CH,retail,mobile,0.107,0
T000511,23.8,22,FR,grocery,desktop,0.086,0
T000320,26.0,11,DE,fuel,mobile,0.017,0
T000019,10.51,22,CH,fuel,mobile,0.143,0
T000684,11.78,7,CH,retail,mobile,0.145,0
T000035,11.79,13,CH,grocery,pos,0.065,0
T000902,24.96,12,DE,fuel,mobile,0.134,0
T001778,18.96,6,CH,restaurant,desktop,0.043,0
T000827,17.93,12,CH,fuel,mobile,0.129,0
T001853,42.58,6,CH,grocery,desktop,0.179,0
T000407,22.52,16,CH,fuel,pos,0.039,0
T000920,46.72,18,CH,grocery,mobile,0.138,0
T000537,19.48,19,CH,restaurant,mobile,0.041,0
T000758,14.66,22,IT,restaurant,mobile,0.091,0
T001904,23.0,19,CH,restaurant,desktop,0.15,0
T001062,48.87,16,DE,grocery,desktop,0.187,0
T001199,55.62,22,CH,retail,pos,0.037,0
T000245,20.07,22,FR,grocery,mobile,0.136,0
T001416,25.39,19,FR,grocery,pos,0.072,0
T001127,15.6,14,CH,grocery,mobile,0.189,0
T000784,34.33,22,CH,fuel,mobile,0.168,0
T001742,25.59,14,CH,grocery,mobile,0.059,0
T000489,41.64,22,DE,fuel,desktop,0.108,0
T000154,29.25,11,DE,fuel,mobile,0.178,0
T000961,54.46,11,CH,restaurant,pos,0.171,0
T000853,50.07,7,CH,fuel,pos,0.199,0
T001311,40.07,22,FR,restaurant,mobile,0.124,0
T000625,18.05,8,CH,retail,mobile,0.026,0
T000685,37.63,13,CH,retail,pos,0.12,0
T001561,15.67,12,CH,grocery,mobile,0.108,0
T000569,19.87,17,CH,grocery,desktop,0.025,0
T001908,11.98,9,CH,restaurant,desktop,0.192,0
T000017,29.62,20,CH,grocery,desktop,0.087,0
T000127,17.47,19,DE,grocery,mobile,0.124,0
T001346,5.3,22,CH,grocery,desktop,0.067,0
T001279,20.38,9,CH,restaurant,desktop,0.044,0
T001968,25.15,4,BR,electronics,unknown,0.642,1
T000927,30.76,21,CH,restaurant,pos,0.058,0
T000980,39.31,20,CH,grocery,desktop,0.095,0
T001964,297.61,3,NG,travel,emulator,0.667,1
T000190,18.77,10,CH,retail,mobile,0.185,0
T001139,37.36,22,CH,retail,desktop,0.164,0
T000992,21.15,9,CH,retail,mobile,0.095,0
T001955,93.92,4,NG,electronics,unknown,0.841,1
T001656,27.14,16,FR,restaurant,mobile,0.115,0
T000606,15.42,12,IT,restaurant,desktop,0.103,0
T000180,35.71,8,DE,retail,mobile,0.057,0
T000301,17.53,16,IT,retail,desktop,0.106,0
T000496,13.17,10,CH,grocery,pos,0.014,0
T001720,33.38,9,CH,restaurant,mobile,0.187,0
T001709,13.67,7,CH,fuel,desktop,0.104,0
T001887,31.64,9,CH,fuel,desktop,0.161,0
T001991,43.72,0,RU,gift_cards,vpn,0.763,1
T000517,13.65,11,DE,fuel,pos,0.105,0
T001984,70.92,1,BR,travel,vpn,0.635,1
T001069,30.2,8,CH,grocery,mobile,0.18,0
T000476,34.67,19,CH,fuel,desktop,0.124,0
T000157,32.6,10,CH,retail,desktop,0.058,0
T001243,13.35,6,CH,fuel,desktop,0.179,0
T001195,31.95,6,IT,grocery,desktop,0.093,0
T000016,13.36,6,FR,retail,mobile,0.107,0
T001535,9.42,16,CH,grocery,mobile,0.199,0
T001072,25.69,22,CH,retail,mobile,0.062,0
T001971,264.47,0,CN,travel,vpn,0.635,1
T000546,34.68,21,CH,grocery,pos,0.169,0
T001539,4.38,7,CH,grocery,mobile,0.149,0
T000658,27.63,15,CH,retail,mobile,0.165,0
T001625,46.9,15,CH,retail,mobile,0.059,0
T001019,31.64,16,CH,retail,desktop,0.132,0
T001662,6.87,15,FR,grocery,mobile,0.145,0
T001504,22.15,16,DE,restaurant,mobile,0.034,0
T000959,32.09,19,CH,restaurant,pos,0.179,0
T001881,64.67,17,CH,retail,pos,0.053,0
T000283,11.67,14,DE,retail,mobile,0.148,0
T000797,36.93,9,CH,retail,desktop,0.126,0
T001626,18.76,8,CH,grocery,pos,0.058,0
T000225,47.15,18,DE,fuel,mobile,0.021,0
T000026,12.3,8,FR,restaurant,mobile,0.13,0
T001770,25.18,20,CH,grocery,desktop,0.087,0
T000437,10.72,19,IT,retail,mobile,0.117,0
T001948,61.54,4,BR,crypto,emulator,0.604,1
T001388,25.01,22,DE,retail,desktop,0.095,0
T000229,36.88,22,CH,restaurant,mobile,0.156,0
T000037,7.57,8,IT,retail,pos,0.096,0
T000749,10.55,9,CH,retail,mobile,0.128,0
T001045,41.69,18,CH,grocery,mobile,0.133,0
T001398,50.41,19,CH,fuel,mobile,0.041,0
T000469,17.37,9,CH,retail,desktop,0.181,0
T001692,41.38,21,DE,restaurant,desktop,0.025,0
T001967,93.87,4,NG,crypto,emulator,0.74,1
T000687,19.59,8,CH,grocery,mobile,0.06,0
T001843,25.94,9,CH,fuel,mobile,0.046,0
T000639,11.28,20,CH,retail,mobile,0.119,0
T001712,6.66,9,CH,restaurant,desktop,0.162,0
T001218,14.86,21,CH,retail,mobile,0.165,0
T001158,44.21,22,CH,retail,pos,0.176,0
T001415,42.81,22,CH,restaurant,pos,0.074,0
T001527,61.93,14,CH,grocery,desktop,0.056,0
T001655,20.55,13,DE,restaurant,mobile,0.109,0
T001300,16.43,18,CH,grocery,pos,0.165,0
T001822,21.44,11,CH,fuel,pos,0.027,0
T000800,43.08,15,CH,fuel,mobile,0.138,0
T001603,15.19,20,CH,grocery,desktop,0.092,0
T000160,13.67,15,CH,fuel,mobile,0.072,0
T000956,30.13,8,CH,restaurant,mobile,0.08,0
T001186,13.61,12,FR,grocery,mobile,0.035,0
T000821,57.15,7,CH,restaurant,mobile,0.02,0
T001681,24.18,14,FR,fuel,mobile,0.171,0
T000877,28.06,8,CH,restaurant,mobile,0.096,0
T000913,63.21,15,CH,retail,mobile,0.125,0
T000152,16.31,18,DE,restaurant,mobile,0.075,0
T001870,12.64,12,CH,grocery,desktop,0.058,0
T001776,17.0,6,CH,grocery,mobile,0.186,0
T000509,14.9,20,DE,retail,pos,0.109,0
T001135,43.75,20,DE,restaurant,mobile,0.09,0
T001250,29.92,22,DE,retail,mobile,0.092,0
T001683,29.8,7,CH,retail,mobile,0.148,0
T000103,15.16,20,IT,grocery,desktop,0.194,0
T001445,16.6,20,CH,restaurant,mobile,0.068,0
T001443,11.27,21,IT,restaurant,mobile,0.127,0
T000586,18.62,9,CH,restaurant,desktop,0.139,0
T001768,26.41,16,CH,fuel,desktop,0.186,0
T001143,26.45,21,FR,fuel,desktop,0.127,0
T000053,35.41,8,IT,fuel,desktop,0.013,0
T000151,30.2,20,CH,restaurant,desktop,0.142,0
T000403,25.23,6,CH,grocery,mobile,0.095,0
T001942,459.23,2,BR,gift_cards,emulator,0.699,1
T000207,33.39,12,CH,retail,mobile,0.064,0
T001894,23.27,16,CH,retail,desktop,0.094,0
T001122,35.99,22,CH,restaurant,mobile,0.089,0
T001890,34.05,14,CH,retail,desktop,0.151,0
T000008,18.51,22,CH,retail,mobile,0.167,0
T001014,69.52,15,FR,retail,mobile,0.05,0
T001906,9.56,12,CH,grocery,desktop,0.05,0
T001060,38.98,21,CH,retail,desktop,0.029,0
T000452,13.58,7,CH,grocery,desktop,0.16,0
T000253,45.58,11,DE,grocery,desktop,0.083,0
T001327,22.5,6,DE,grocery,pos,0.073,0
T000896,22.19,18,CH,fuel,desktop,0.156,0
T001733,20.45,21,CH,retail,desktop,0.194,0
T000880,111.74,13,CH,restaurant,pos,0.151,0
T001595,13.39,21,CH,grocery,mobile,0.07,0
T001888,18.46,6,CH,grocery,desktop,0.013,0
T000623,55.0,7,CH,restaurant,desktop,0.136,0
T000345,28.2,17,FR,fuel,pos,0.053,0
T001702,35.9,10,CH,fuel,mobile,0.059,0
T000262,3.51,18,CH,grocery,mobile,0.161,0
T001634,20.07,19,CH,fuel,pos,0.088,0
T001321,33.71,21,CH,fuel,mobile,0.023,0
T001438,32.94,9,CH,fuel,mobile,0.068,0
T000150,28.51,9,CH,restaurant,mobile,0.122,0
T000472,9.88,10,CH,restaurant,mobile,0.061,0
T000640,20.06,21,CH,retail,pos,0.086,0
T001982,88.9,3,BR,electronics,unknown,0.891,1
T001882,11.7,7,DE,restaurant,mobile,0.115,0
T000550,25.84,21,CH,grocery,desktop,0.128,0
T001779,16.19,22,CH,fuel,pos,0.183,0
T000928,62.76,22,CH,grocery,pos,0.137,0
T000488,67.51,14,CH,grocery,desktop,0.037,0
T001811,26.79,17,IT,grocery,mobile,0.179,0
T001171,29.04,18,CH,fuel,desktop,0.04,0
T000146,11.68,14,CH,restaurant,desktop,0.036,0
T001704,31.37,15,CH,fuel,mobile,0.141,0
T001928,47.49,12,CH,retail,desktop,0.165,0
T000402,24.61,9,DE,retail,desktop,0.135,0
T000954,23.35,10,DE,retail,pos,0.184,0
T001877,21.64,21,CH,restaurant,pos,0.134,0
T000659,22.5,11,CH,fuel,mobile,0.026,0
T001372,10.77,13,DE,fuel,mobile,0.074,0
T000463,27.89,11,CH,fuel,mobile,0.107,0
T001349,21.44,10,CH,retail,mobile,0.011,0
T000186,32.59,14,DE,grocery,pos,0.158,0
T001147,10.34,11,FR,retail,mobile,0.038,0
T001224,21.95,17,CH,restaurant,mobile,0.191,0
T000608,8.44,15,DE,fuel,desktop,0.175,0
T000143,27.41,16,DE,grocery,mobile,0.082,0
T000751,10.9,15,CH,retail,desktop,0.167,0
T001534,18.55,16,CH,restaurant,mobile,0.028,0
T000981,31.67,21,CH,restaurant,mobile,0.176,0
T000197,26.9,11,CH,grocery,desktop,0.019,0
T001633,45.51,21,CH,retail,pos,0.036,0
T000883,45.9,16,CH,grocery,desktop,0.198,0
T000279,19.47,20,CH,grocery,mobile,0.147,0
T000293,40.84,18,CH,fuel,pos,0.137,0
T001823,16.61,22,IT,fuel,mobile,0.056,0
T000400,9.42,22,CH,retail,mobile,0.096,0
T000122,56.92,20,DE,grocery,desktop,0.061,0
T001207,16.48,12,DE,grocery,pos,0.171,0
T000202,46.99,18,DE,fuel,mobile,0.023,0
T001462,21.64,13,DE,fuel,desktop,0.085,0
T000835,28.23,22,CH,retail,desktop,0.122,0
T000246,18.45,13,CH,retail,mobile,0.2,0
T001439,38.13,18,CH,restaurant,desktop,0.146,0
T001753,8.18,8,CH,retail,mobile,0.056,0
T001901,20.08,22,CH,fuel,pos,0.156,0
T001707,76.7,10,CH,fuel,pos,0.111,0
T001880,43.77,6,CH,grocery,desktop,0.067,0
T001153,11.09,9,CH,grocery,mobile,0.151,0
T001661,22.85,8,CH,retail,mobile,0.196,0
T001426,84.24,22,IT,grocery,mobile,0.123,0
T000384,15.56,17,CH,restaurant,desktop,0.04,0
T001758,64.55,8,CH,fuel,desktop,0.167,0
T000854,57.53,14,DE,fuel,desktop,0.012,0
T001589,25.83,18,IT,retail,mobile,0.163,0
T000219,25.77,22,FR,grocery,pos,0.066,0
T000641,66.78,9,CH,grocery,mobile,0.079,0
T000001,22.58,12,DE,restaurant,mobile,0.197,0
T000112,25.44,22,CH,grocery,mobile,0.015,0
T000698,42.71,15,DE,fuel,pos,0.08,0
T001915,17.71,6,CH,retail,mobile,0.077,0
T000951,30.3,6,CH,restaurant,desktop,0.022,0
T001648,50.02,15,DE,fuel,desktop,0.018,0
T001636,13.83,16,CH,grocery,desktop,0.165,0
T001885,29.02,9,FR,grocery,desktop,0.193,0
T001410,54.43,20,DE,grocery,mobile,0.139,0
T001409,21.1,7,CH,retail,pos,0.045,0
T001533,22.45,8,CH,fuel,pos,0.073,0
T001291,109.49,21,CH,retail,desktop,0.192,0
T001808,9.5,14,CH,grocery,mobile,0.153,0
T000441,24.06,8,CH,restaurant,desktop,0.199,0
T001520,51.04,18,IT,retail,mobile,0.148,0
T001136,50.08,20,IT,restaurant,pos,0.159,0
T001715,23.24,19,CH,fuel,desktop,0.161,0
T001256,66.92,18,IT,fuel,desktop,0.039,0
T001863,8.59,20,CH,fuel,desktop,0.152,0
T001631,14.76,22,CH,grocery,mobile,0.147,0
T001695,78.52,6,DE,fuel,mobile,0.087,0
T001397,13.7,8,CH,restaurant,mobile,0.101,0
T000663,17.71,15,CH,restaurant,desktop,0.182,0
T001835,30.47,11,CH,restaurant,desktop,0.024,0
T001257,31.54,13,IT,grocery,desktop,0.06,0
T001773,27.57,8,DE,grocery,desktop,0.085,0
T001700,30.28,20,FR,grocery,pos,0.055,0
T000317,20.37,19,CH,grocery,mobile,0.191,0
T000648,21.36,12,FR,restaurant,pos,0.04,0
T001434,22.19,12,CH,retail,pos,0.031,0
T001479,18.87,17,DE,retail,desktop,0.059,0
T000709,67.89,12,CH,grocery,pos,0.119,0
T001382,89.51,8,CH,restaurant,mobile,0.058,0
T001282,37.52,19,CH,fuel,pos,0.093,0
T000972,40.63,11,DE,fuel,pos,0.097,0
T000627,22.75,20,CH,retail,pos,0.177,0
T000632,22.31,11,FR,grocery,mobile,0.133,0
T001306,24.95,15,CH,fuel,mobile,0.145,0
T001400,13.09,20,CH,retail,desktop,0.053,0
T001408,20.21,22,CH,grocery,mobile,0.074,0
T001248,28.23,12,FR,retail,mobile,0.149,0
T001952,148.92,5,US,crypto,unknown,0.876,1
T001254,51.24,11,IT,retail,desktop,0.128,0
T001496,84.51,9,CH,restaurant,desktop,0.186,0
T001371,68.51,6,CH,restaurant,desktop,0.118,0
T001529,12.53,8,CH,retail,mobile,0.191,0
T001663,17.04,22,CH,restaurant,mobile,0.104,0
T001354,17.36,10,CH,retail,desktop,0.023,0
T001925,14.13,15,CH,retail,desktop,0.191,0
T001900,37.27,10,CH,grocery,mobile,0.03,0
T001643,32.18,22,CH,grocery,mobile,0.048,0
T001848,43.89,16,CH,restaurant,mobile,0.061,0
T000795,46.15,15,IT,grocery,pos,0.093,0
T000645,20.83,22,CH,grocery,mobile,0.125,0
T001012,85.21,9,DE,retail,mobile,0.146,0
T001839,21.65,10,FR,restaurant,pos,0.099,0
T000556,18.31,9,CH,restaurant,mobile,0.168,0
T000681,12.46,10,DE,fuel,mobile,0.065,0
T000577,38.96,19,CH,retail,pos,0.078,0
T001109,77.36,9,CH,grocery,pos,0.113,0
T001266,22.95,22,CH,retail,mobile,0.072,0
T001722,38.22,8,CH,grocery,desktop,0.044,0
T001183,9.56,22,CH,retail,desktop,0.194,0
T000524,15.52,18,IT,retail,pos,0.133,0
T001059,19.64,22,CH,fuel,pos,0.153,0
T000540,40.5,11,CH,fuel,desktop,0.119,0
T001194,9.43,9,CH,restaurant,mobile,0.135,0
T001678,44.66,21,FR,restaurant,mobile,0.047,0
T000748,17.0,6,FR,fuel,desktop,0.16,0
T001851,71.18,16,CH,fuel,desktop,0.023,0
T001430,29.5,21,FR,restaurant,mobile,0.183,0
T000484,15.58,21,FR,fuel,pos,0.14,0
T001757,43.45,18,IT,restaurant,desktop,0.19,0
T000095,10.19,22,CH,fuel,mobile,0.165,0
T001020,33.57,17,CH,fuel,mobile,0.148,0
T000563,20.17,8,CH,grocery,mobile,0.133,0
T001264,27.16,13,CH,fuel,mobile,0.064,0
T000742,16.86,8,DE,grocery,mobile,0.069,0
T000863,72.06,13,IT,retail,mobile,0.178,0
T001598,24.84,18,IT,restaurant,mobile,0.13,0
T001714,17.79,9,CH,fuel,desktop,0.112,0
T001484,28.07,13,CH,grocery,pos,0.148,0
T000891,33.26,9,CH,grocery,mobile,0.059,0
T001577,49.35,10,CH,restaurant,mobile,0.059,0
T001038,28.07,16,CH,restaurant,mobile,0.1,0
T000206,33.42,13,CH,grocery,mobile,0.13,0
T000392,11.11,12,DE,grocery,pos,0.191,0
T000794,12.82,19,DE,restaurant,pos,0.136,0
T000870,22.06,22,DE,fuel,pos,0.166,0
T000397,55.28,22,DE,grocery,desktop,0.09,0
T000766,24.02,18,CH,retail,desktop,0.161,0
T001841,7.93,21,CH,retail,mobile,0.144,0
T001241,21.71,13,DE,retail,pos,0.082,0
T001028,35.45,6,DE,retail,mobile,0.143,0
T001792,22.29,12,DE,fuel,pos,0.058,0
T000642,20.99,7,CH,restaurant,desktop,0.012,0
T001891,24.63,8,CH,grocery,mobile,0.051,0
T000612,29.02,7,DE,fuel,mobile,0.055,0
T001762,25.67,7,CH,grocery,desktop,0.077,0
T000960,36.08,21,IT,fuel,mobile,0.172,0
T001570,39.51,9,CH,retail,mobile,0.105,0
T000725,21.97,9,CH,fuel,mobile,0.153,0
T000683,32.91,21,DE,restaurant,desktop,0.049,0
T000098,24.61,21,DE,grocery,mobile,0.132,0
T000804,18.9,20,CH,fuel,desktop,0.19,0
T001751,36.85,16,DE,fuel,desktop,0.101,0
T001597,84.31,9,CH,retail,mobile,0.137,0
T000406,12.93,15,CH,restaurant,pos,0.144,0
T000502,10.6,14,CH,retail,mobile,0.062,0
T001071,32.66,15,CH,retail,mobile,0.05,0
T001056,24.16,16,IT,grocery,mobile,0.148,0
T000929,23.58,7,CH,retail,mobile,0.152,0
T000779,35.6,18,CH,fuel,mobile,0.124,0
T000200,30.41,9,FR,grocery,mobile,0.136,0
T000134,14.13,20,CH,retail,desktop,0.105,0
T001051,31.11,9,DE,restaurant,mobile,0.013,0
T000040,38.21,20,CH,fuel,pos,0.095,0
T001017,18.35,16,FR,grocery,mobile,0.193,0
T000230,15.83,9,IT,grocery,desktop,0.037,0
T001513,8.01,14,IT,retail,mobile,0.014,0
T001796,20.26,16,CH,grocery,mobile,0.086,0
T000378,91.28,13,DE,restaurant,mobile,0.012,0
T000288,29.04,22,CH,retail,mobile,0.133,0
T000418,49.78,16,DE,retail,mobile,0.167,0
T001698,33.39,19,CH,fuel,mobile,0.154,0
T000391,32.96,6,FR,restaurant,desktop,0.04,0
T000592,32.7,15,CH,grocery,mobile,0.03,0
T001522,21.42,20,CH,restaurant,pos,0.135,0
T001162,10.66,19,DE,restaurant,desktop,0.111,0
T001086,45.52,17,DE,retail,desktop,0.104,0
T001495,81.75,9,FR,grocery,mobile,0.037,0
T000647,23.75,9,DE,grocery,mobile,0.02,0
T001152,16.72,12,CH,restaurant,mobile,0.086,0
T001367,14.01,12,CH,grocery,mobile,0.024,0
T000520,9.01,22,CH,restaurant,pos,0.174,0
T001862,39.49,18,DE,retail,mobile,0.156,0
T000064,39.95,20,DE,restaurant,desktop,0.146,0
T001836,12.35,19,CH,retail,mobile,0.144,0
T000014,8.72,11,CH,fuel,pos,0.034,0
T001180,27.33,15,DE,fuel,mobile,0.074,0
T001064,19.74,21,CH,fuel,desktop,0.186,0
T000492,25.7,22,FR,restaurant,mobile,0.072,0
T000379,15.1,7,CH,restaurant,mobile,0.093,0
T000187,23.48,12,FR,grocery,pos,0.104,0
T000763,23.16,22,FR,restaurant,desktop,0.186,0
T000216,15.43,16,DE,retail,pos,0.069,0
T000791,27.79,22,CH,retail,desktop,0.127,0
T001076,9.64,19,CH,grocery,desktop,0.186,0
T000878,24.29,8,CH,retail,mobile,0.056,0
T000337,20.23,16,CH,restaurant,mobile,0.079,0
T001772,16.88,21,CH,restaurant,desktop,0.136,0
T000719,23.71,16,DE,restaurant,desktop,0.183,0
T001748,27.49,13,CH,retail,pos,0.021,0
T000295,16.19,18,CH,fuel,mobile,0.011,0
T001725,47.07,10,DE,restaurant,mobile,0.066,0
T001016,16.6,19,CH,restaurant,mobile,0.091,0
T001275,26.71,9,CH,restaurant,desktop,0.013,0
T001750,4.85,20,CH,grocery,mobile,0.173,0
T001485,42.93,14,DE,fuel,desktop,0.024,0
T000455,15.25,10,DE,restaurant,desktop,0.028,0
T001996,111.98,2,BR,electronics,unknown,0.911,1
T000815,10.06,20,DE,fuel,mobile,0.184,0
T001886,15.09,16,CH,restaurant,mobile,0.094,0
T000269,26.53,6,CH,retail,desktop,0.167,0
T000995,20.72,8,FR,retail,desktop,0.058,0
T000201,34.35,18,CH,retail,pos,0.074,0
T000161,39.34,20,IT,grocery,mobile,0.085,0
T001579,15.09,19,FR,fuel,mobile,0.032,0
T000729,15.38,20,CH,restaurant,mobile,0.19,0
T000401,17.12,18,DE,fuel,desktop,0.156,0
T000702,16.08,13,CH,fuel,mobile,0.051,0
T001500,39.13,11,DE,retail,mobile,0.171,0
T001845,13.24,22,CH,retail,desktop,0.089,0
T001795,15.62,18,CH,fuel,mobile,0.067,0
T001129,29.88,21,CH,fuel,mobile,0.115,0
T000565,19.2,21,FR,grocery,mobile,0.158,0
T001413,89.93,11,FR,fuel,pos,0.05,0
T001021,17.39,10,CH,retail,pos,0.101,0
T001025,31.87,6,CH,grocery,mobile,0.18,0
T001411,34.25,10,CH,fuel,pos,0.021,0
T001895,19.65,19,CH,retail,mobile,0.106,0
T001585,37.18,20,IT,grocery,mobile,0.01,0
T001104,47.7,22,IT,retail,pos,0.178,0
T000205,13.98,14,CH,grocery,desktop,0.028,0
T000034,40.19,6,CH,fuel,mobile,0.085,0
T000775,9.56,8,CH,retail,desktop,0.173,0
T000508,25.26,6,CH,restaurant,desktop,0.181,0
T001451,68.12,18,FR,restaurant,mobile,0.155,0
T001478,14.4,19,DE,grocery,desktop,0.134,0
T001970,49.85,0,BR,travel,unknown,0.625,1
T001390,32.33,22,CH,fuel,desktop,0.173,0
T000091,43.87,11,DE,grocery,pos,0.199,0
T001363,13.68,12,IT,restaurant,mobile,0.113,0
T000897,26.79,12,CH,fuel,desktop,0.089,0
T000564,50.44,21,CH,fuel,desktop,0.075,0
T001369,14.43,7,CH,restaurant,desktop,0.145,0
T000776,15.86,14,CH,retail,mobile,0.01,0
T000241,22.9,11,FR,restaurant,pos,0.021,0
T000013,7.78,9,CH,grocery,mobile,0.177,0
T000315,24.84,7,CH,restaurant,mobile,0.196,0
T000600,38.64,14,CH,grocery,mobile,0.016,0
T000387,75.62,15,CH,fuel,pos,0.077,0
T001297,20.61,21,CH,grocery,mobile,0.125,0
T000166,40.17,17,CH,grocery,mobile,0.066,0
T000840,23.82,16,CH,grocery,pos,0.12,0
T000020,59.11,19,CH,retail,mobile,0.186,0
T000646,4.86,18,CH,grocery,desktop,0.184,0
T001842,17.65,18,DE,fuel,mobile,0.103,0
T001508,25.87,14,CH,retail,mobile,0.024,0
T001154,65.71,13,CH,fuel,pos,0.194,0
T001528,18.3,19,FR,restaurant,mobile,0.077,0
T000831,14.14,10,CH,fuel,pos,0.194,0
T001267,14.26,11,CH,grocery,mobile,0.065,0
T001590,12.89,15,CH,fuel,desktop,0.041,0
T001899,20.55,9,CH,retail,desktop,0.156,0
T000562,41.37,19,FR,retail,mobile,0.17,0
T001951,232.46,0,BR,gift_cards,emulator,0.814,1
T000686,21.24,16,DE,fuel,mobile,0.043,0
T000957,32.27,20,CH,grocery,desktop,0.024,0
T000189,9.89,18,CH,retail,pos,0.134,0
T001806,28.8,16,CH,retail,pos,0.123,0
T000975,7.9,16,CH,grocery,mobile,0.088,0
T000699,21.96,11,FR,restaurant,pos,0.063,0
T001499,35.01,10,FR,fuel,desktop,0.053,0
T001705,21.23,19,CH,restaurant,desktop,0.17,0
T000510,28.85,12,CH,fuel,desktop,0.032,0
T001082,20.23,19,DE,restaurant,mobile,0.164,0
T000474,65.82,10,CH,grocery,mobile,0.175,0
T001584,31.73,8,CH,restaurant,desktop,0.157,0
T000856,14.89,20,IT,grocery,pos,0.128,0
T000747,15.59,10,CH,fuel,pos,0.083,0
T000252,87.64,10,CH,retail,mobile,0.097,0
T000021,21.42,20,CH,grocery,mobile,0.081,0
T001337,20.46,21,CH,fuel,pos,0.167,0
T000459,11.96,15,FR,grocery,mobile,0.168,0
T001184,13.55,10,DE,grocery,mobile,0.115,0
T000276,27.64,7,FR,retail,pos,0.097,0
T000955,47.96,11,CH,grocery,mobile,0.175,0
T001215,51.87,19,FR,restaurant,desktop,0.086,0
T000385,26.85,18,CH,restaurant,pos,0.049,0
T000805,20.38,20,DE,fuel,pos,0.102,0
T001437,64.35,8,DE,grocery,desktop,0.085,0
T001515,22.8,15,DE,retail,mobile,0.06,0
T000343,18.1,8,DE,fuel,pos,0.193,0
T000769,72.78,14,CH,fuel,pos,0.147,0
T001332,21.58,19,CH,restaurant,mobile,0.189,0
T001685,50.03,17,IT,restaurant,mobile,0.198,0
T000130,9.68,16,DE,fuel,mobile,0.19,0
T001687,27.68,14,DE,grocery,mobile,0.151,0
T000871,15.2,18,FR,retail,desktop,0.184,0
T001123,12.36,6,CH,retail,mobile,0.067,0
T001396,10.93,11,CH,grocery,desktop,0.139,0
T000087,29.88,18,CH,grocery,pos,0.164,0
T001482,69.14,15,CH,retail,mobile,0.098,0
T000330,24.35,16,CH,retail,mobile,0.062,0
T001238,34.51,18,CH,retail,mobile,0.076,0
T000466,35.46,9,CH,retail,desktop,0.143,0
T000121,14.22,19,CH,retail,mobile,0.085,0
T001638,84.56,16,CH,grocery,mobile,0.106,0
T001044,22.12,18,CH,fuel,desktop,0.122,0
T001724,14.0,21,IT,fuel,desktop,0.163,0
T001095,23.37,13,CH,fuel,mobile,0.152,0
T001130,29.75,17,DE,fuel,desktop,0.025,0
T001294,25.77,17,DE,restaurant,mobile,0.058,0
T000860,27.71,13,CH,restaurant,mobile,0.015,0
T001459,36.74,12,IT,grocery,pos,0.099,0
T001126,29.42,7,CH,fuel,desktop,0.084,0
